url,cluster,intent,title,title_len,desc_len,h1,p_count,inbound_links,outbound_links
/404.html,legal,transactional,Page not found - Peninsula Insider,34,83,yes,14,0,21
/about,legal,transactional,About - Peninsula Insider,25,180,yes,39,336,21
/contact,legal,transactional,Contact - Peninsula Insider,27,86,yes,23,336,21
/eat/afloat-mornington,eat,commercial,Afloat Mornington  Mornington · Peninsula Insider,49,143,yes,32,28,30
/eat/allis-wine-bar,eat,commercial,Allis Wine Bar  Main Ridge · Peninsula Insider,46,144,yes,34,20,31
/eat/avani-wines,eat,commercial,Avani Wines  Red Hill · Peninsula Insider,41,148,yes,30,24,29
/eat/azuma-japanese,eat,commercial,Azuma Japanese  Mornington · Peninsula Insider,46,159,yes,26,25,28
/eat/baillieu-vineyard,eat,commercial,Baillieu Vineyard  Merricks · Peninsula Insider,47,123,yes,26,12,29
/eat/balnarring-bakehouse,eat,commercial,Balnarring Bakehouse  Balnarring · Peninsula Insider,52,144,yes,34,18,32
/eat/balnarring-market,eat,commercial,Balnarring Market  Balnarring · Peninsula Insider,49,141,yes,34,12,32
/eat/balnarring-pub,eat,commercial,The Balnarring Pub  Balnarring · Peninsula Insider,50,137,yes,34,20,32
/eat/barmah-park,eat,commercial,Barmah Park Farm Kitchen  Moorooduc · Peninsula Insider,55,130,yes,26,5,29
/eat/barmah-park-vineyard,eat,commercial,Barmah Park Vineyard  Moorooduc · Peninsula Insider,51,153,yes,26,4,29
/eat/barragunda-dining,eat,commercial,Barragunda Dining  Cape Schanck · Peninsula Insider,51,139,yes,27,20,29
/eat/best-restaurants,eat,commercial,Best Restaurants Mornington Peninsula · Peninsula Insider,57,159,yes,51,71,37
/eat/bistro-elba,eat,commercial,Bistro Elba  Sorrento · Peninsula Insider,41,167,yes,34,17,31
/eat/cedar-and-pine,eat,commercial,Cedar &amp; Pine  Mornington · Peninsula Insider,48,131,yes,30,21,29
/eat/ciao-amici,eat,commercial,Ciao Amici  Mornington · Peninsula Insider,42,136,yes,32,6,30
/eat/circe-wines,eat,commercial,Circe Wines  Mornington · Peninsula Insider,43,149,yes,26,1,28
/eat/commonfolk-coffee,eat,commercial,Commonfolk Coffee  Mornington · Peninsula Insider,49,96,yes,38,20,33
/eat/crittenden-estate,eat,commercial,Crittenden Estate  Dromana · Peninsula Insider,46,139,yes,32,7,31
/eat/dexter-wines,eat,commercial,Dexter Wines  Main Ridge · Peninsula Insider,44,115,yes,34,12,31
/eat/doot-doot-doot,eat,commercial,Doot Doot Doot  Red Hill · Peninsula Insider,44,92,yes,37,31,32
/eat/dromana-estate,eat,commercial,Dromana Estate  Tuerong · Peninsula Insider,43,119,yes,24,3,28
/eat/dromana-hotel,eat,commercial,Dromana Hotel  Dromana · Peninsula Insider,42,123,yes,34,14,32
/eat/elan-vineyard,eat,commercial,Elan Vineyard &amp; Gallery  Balnarring · Peninsula Insider,59,135,yes,26,4,29
/eat/eldridge-estate,eat,commercial,Eldridge Estate  Red Hill · Peninsula Insider,45,119,yes,30,22,29
/eat/elgee-park,eat,commercial,Elgee Park  Merricks · Peninsula Insider,40,96,yes,26,12,29
/eat/epicurean-red-hill,eat,commercial,The Epicurean  Red Hill · Peninsula Insider,43,158,yes,34,9,31
/eat/flinders-general-store,eat,commercial,Flinders General Store  Flinders · Peninsula Insider,52,127,yes,34,12,31
/eat/flinders-pier-takeaway,eat,commercial,Flinders Pier Takeaway  Flinders · Peninsula Insider,52,128,yes,34,8,31
/eat/flinders-sourdough,eat,commercial,Flinders Sourdough  Flinders · Peninsula Insider,48,158,yes,34,12,31
/eat/foxeys-hangout,eat,commercial,Foxeys Hangout  Red Hill · Peninsula Insider,44,131,yes,32,1,30
/eat/garagiste,eat,commercial,Garagiste  Mornington · Peninsula Insider,41,132,yes,30,1,29
/eat/green-olive-red-hill,eat,commercial,Green Olive at Red Hill  Red Hill · Peninsula Insider,53,129,yes,34,3,31
/eat/hurley-vineyard,eat,commercial,Hurley Vineyard  Balnarring · Peninsula Insider,47,156,yes,30,1,30
/eat,eat,commercial,Best Restaurants Mornington Peninsula · Peninsula Insider,57,184,yes,308,336,139
/eat/johnny-ripe,eat,commercial,Johnny Ripe  Main Ridge · Peninsula Insider,43,124,yes,34,14,31
/eat/kerri-greens,eat,commercial,Kerri Greens  Merricks · Peninsula Insider,42,142,yes,26,12,29
/eat/kooyong,eat,commercial,Kooyong  Main Ridge · Peninsula Insider,39,92,yes,34,4,31
/eat/la-baracca-tgallant,eat,commercial,La Baracca at T&#39;Gallant  Main Ridge · Peninsula Insider,59,128,yes,30,3,29
/eat/laura-pt-leo,eat,commercial,Laura at Pt. Leo  Red Hill · Peninsula Insider,46,158,yes,34,4,31
/eat/lightfoot-wines,eat,commercial,Lightfoot Wines  Main Ridge · Peninsula Insider,47,116,yes,26,1,28
/eat/main-ridge-estate,eat,commercial,Main Ridge Estate  Main Ridge · Peninsula Insider,49,147,yes,32,2,30
/eat/many-little,eat,commercial,Many Little  Red Hill · Peninsula Insider,41,129,yes,32,2,30
/eat/martha-s-table,eat,commercial,Martha&#39;s Table  Safety Beach · Peninsula Insider,52,147,yes,19,3,26
/eat/maxs-red-hill-estate,eat,commercial,Max&#39;s at Red Hill Estate  Red Hill · Peninsula Insider,58,171,yes,26,2,28
/eat/merricks-estate,eat,commercial,Merricks Estate  Merricks · Peninsula Insider,45,119,yes,26,4,29
/eat/merricks-general-wine-store,eat,commercial,Merricks General Wine Store  Merricks · Peninsula Insider,57,157,yes,37,6,33
/eat/merricks-hotel,eat,commercial,Merricks Hotel  Merricks · Peninsula Insider,44,126,yes,34,2,32
/eat/montalto,eat,commercial,Montalto Vineyard &amp; Olive Grove  Red Hill · Peninsula Insider,65,157,yes,38,12,33
/eat/moorooduc-estate,eat,commercial,Moorooduc Estate  Moorooduc · Peninsula Insider,47,143,yes,32,4,31
/eat/morning-sun,eat,commercial,Morning Sun Vineyard  Main Ridge · Peninsula Insider,52,142,yes,32,1,30
/eat/mornington-dumpling-house,eat,commercial,Mornington Dumpling House  Mornington · Peninsula Insider,57,132,yes,30,2,29
/eat/mornington-farmers-market,eat,commercial,Mornington Farmers&#39; Market  Mornington · Peninsula Insider,62,158,yes,34,2,31
/eat/mornington-hotel,eat,commercial,The Mornington Hotel  Mornington · Peninsula Insider,52,127,yes,34,1,31
/eat/mr-vincenzos,eat,commercial,Mr Vincenzo&#39;s  Mornington · Peninsula Insider,49,156,yes,32,1,30
/eat/nazaaray-estate,eat,commercial,Nazaaray Estate  Flinders · Peninsula Insider,45,118,yes,30,4,29
/eat/ocean-eight,eat,commercial,Ocean Eight Vineyard  Main Ridge · Peninsula Insider,52,113,yes,34,1,31
/eat/onannon,eat,commercial,Onannon  Tuerong · Peninsula Insider,36,116,yes,24,3,28
/eat/ouest-france-bistro,eat,commercial,Ouest France Bistro  Mornington · Peninsula Insider,51,149,yes,26,1,28
/eat/pane-e-vino,eat,commercial,Pane e Vino  Mount Martha · Peninsula Insider,45,140,yes,25,3,28
/eat/paradigm-hill,eat,commercial,Paradigm Hill  Main Ridge · Peninsula Insider,45,112,yes,30,1,29
/eat/paringa-estate,eat,commercial,Paringa Estate  Red Hill · Peninsula Insider,44,98,yes,34,2,31
/eat/phaedrus-estate,eat,commercial,Phaedrus Estate  Dromana · Peninsula Insider,44,140,yes,26,6,29
/eat/pho-rosebud,eat,commercial,Pho Rosebud  Rosebud · Peninsula Insider,40,132,yes,23,3,27
/eat/pier-street-flinders,eat,commercial,Pier Street Kitchen  Flinders · Peninsula Insider,49,113,yes,34,4,31
/eat/point-leo-wine-terrace,eat,commercial,Point Leo Wine Terrace  Merricks · Peninsula Insider,52,176,yes,32,2,31
/eat/polperro,eat,commercial,Polperro  Red Hill · Peninsula Insider,38,108,yes,37,1,32
/eat/port-phillip-estate-restaurant,eat,commercial,Port Phillip Estate Restaurant  Red Hill · Peninsula Insider,60,168,yes,34,2,31
/eat/portsea-hotel,eat,commercial,Portsea Hotel  Portsea · Peninsula Insider,42,93,yes,27,9,28
/eat/prancing-horse-estate,eat,commercial,Prancing Horse Estate  Red Hill · Peninsula Insider,51,145,yes,26,1,28
/eat/pt-leo-estate,eat,commercial,Pt. Leo Estate  Red Hill · Peninsula Insider,44,158,yes,38,5,33
/eat/quealy-winemakers,eat,commercial,Quealy Winemakers  Merricks · Peninsula Insider,47,109,yes,32,2,31
/eat/rare-hare,eat,commercial,Rare Hare at Willow Creek  Merricks · Peninsula Insider,55,88,yes,35,4,32
/eat/red-gum-bbq,eat,commercial,Red Gum BBQ  Red Hill · Peninsula Insider,41,165,yes,34,1,31
/eat/red-hill-bakery,eat,commercial,Red Hill Bakery  Red Hill · Peninsula Insider,45,121,yes,34,2,31
/eat/red-hill-estate,eat,commercial,Red Hill Estate  Red Hill · Peninsula Insider,45,141,yes,26,1,28
/eat/red-hill-market,eat,commercial,Red Hill Market  Red Hill · Peninsula Insider,45,148,yes,34,2,31
/eat/rocker,eat,commercial,Rocker  Mornington · Peninsula Insider,38,151,yes,34,1,31
/eat/rye-hotel,eat,commercial,Rye Hotel  Rye · Peninsula Insider,34,136,yes,27,4,29
/eat/scorpo-wines,eat,commercial,Scorpo Wines  Merricks · Peninsula Insider,42,144,yes,32,1,31
/eat/small-stone-pantry,eat,commercial,Small Stone Pantry  Dromana · Peninsula Insider,47,133,yes,34,5,32
/eat/somers-general,eat,commercial,Somers General  Balnarring · Peninsula Insider,46,153,yes,34,2,32
/eat/sorrento-bakery,eat,commercial,Sorrento Bakery  Sorrento · Peninsula Insider,45,131,yes,37,8,32
/eat/sorrento-gelato,eat,commercial,Sorrento Gelato  Sorrento · Peninsula Insider,45,139,yes,36,7,32
/eat/sorrento-hotel,eat,commercial,The Sorrento Hotel  Sorrento · Peninsula Insider,48,125,yes,34,5,31
/eat/sourdough-kitchen,eat,commercial,Sourdough Kitchen  Mornington · Peninsula Insider,49,141,yes,34,1,31
/eat/stillwater-crittenden,eat,commercial,Stillwater at Crittenden  Dromana · Peninsula Insider,53,158,yes,32,3,31
/eat/stonier-wines,eat,commercial,Stonier Wines  Merricks · Peninsula Insider,43,133,yes,32,2,31
/eat/store-ten,eat,commercial,Store Ten  Mornington · Peninsula Insider,41,138,yes,32,1,30
/eat/stringers-mornington,eat,commercial,Stringer&#39;s of Mornington  Mornington · Peninsula Insider,60,146,yes,34,1,31
/eat/stumpy-gully-vineyard,eat,commercial,Stumpy Gully Vineyard  Moorooduc · Peninsula Insider,52,146,yes,26,4,29
/eat/t-gallant,eat,commercial,T&#39;Gallant  Main Ridge · Peninsula Insider,45,136,yes,26,1,28
/eat/tedesca-osteria,eat,commercial,Tedesca Osteria  Red Hill · Peninsula Insider,45,117,yes,37,5,32
/eat/ten-minutes-by-tractor,eat,commercial,Ten Minutes by Tractor  Red Hill · Peninsula Insider,52,157,yes,37,7,32
/eat/thai-orchid-mornington,eat,commercial,Thai Orchid  Mornington · Peninsula Insider,43,122,yes,26,1,28
/eat/the-baths-sorrento,eat,commercial,The Baths Sorrento  Sorrento · Peninsula Insider,48,128,yes,34,2,31
/eat/the-bay-hotel-mornington,eat,commercial,The Bay Hotel Mornington  Mornington · Peninsula Insider,56,136,yes,34,1,31
/eat/the-rocks-mornington,eat,commercial,The Rocks Mornington  Mornington · Peninsula Insider,52,139,yes,32,1,30
/eat/trofeo-estate,eat,commercial,Trofeo Estate  Dromana · Peninsula Insider,42,129,yes,26,1,29
/eat/tucks-ridge,eat,commercial,Tuck&#39;s Ridge  Red Hill · Peninsula Insider,46,123,yes,26,1,28
/eat/via-boffe,eat,commercial,Via Boffe  Main Ridge · Peninsula Insider,41,146,yes,34,2,31
/eat/willow-creek-vineyard,eat,commercial,Willow Creek Vineyard  Merricks · Peninsula Insider,51,128,yes,26,1,29
/eat/yabby-lake,eat,commercial,Yabby Lake Vineyard  Tuerong · Peninsula Insider,48,144,yes,30,3,30
/escape/flinders-and-cape-reset,escape,planning,Flinders and the Cape: A One-Night Reset — Mornington Peninsula Weekend Escape | Peninsula Insider,98,93,yes,34,17,31
/escape,escape,planning,Mornington Peninsula Itineraries · Peninsula Insider,52,91,yes,60,336,43
/escape/ridge-to-sea-two-night-escape,escape,planning,Ridge to Sea: A Two-Night Peninsula Escape — Mornington Peninsula Weekend Escape | Peninsula Insider,100,97,yes,39,22,34
/escape/sorrento-off-season-weekend,escape,planning,The Sorrento Off-Season Weekend — Mornington Peninsula Weekend Escape | Peninsula Insider,89,180,yes,41,18,35
/escape/the-family-day-out,escape,planning,The Peninsula Family Day Out — Mornington Peninsula Weekend Escape | Peninsula Insider,86,216,yes,30,8,30
/escape/the-peninsula-golf-weekend,escape,planning,The Peninsula Golf Weekend: Two Nights  One Serious Round  Room for the Rest — Mornington Peninsula Weekend Escape | Peninsula Insider,134,193,yes,36,12,33
/escape/wellness-weekend,escape,planning,The Wellness Reset: A Two-Night Peninsula Weekend — Mornington Peninsula Weekend Escape | Peninsula Insider,107,123,yes,38,10,32
/explore/arthurs-seat-lookout,explore,planning,Arthurs Seat Eagle  Red Hill · Peninsula Insider,48,153,yes,35,20,32
/explore/balnarring-beach,explore,planning,Balnarring Beach  Balnarring · Peninsula Insider,48,155,yes,33,18,30
/explore/best-walks,explore,planning,Best Walks on the Mornington Peninsula · Peninsula Insider,58,176,yes,29,2,33
/explore/bushrangers-bay,explore,planning,Bushrangers Bay  Cape Schanck · Peninsula Insider,49,153,yes,33,15,30
/explore/bushrangers-bay-walk,explore,planning,Bushrangers Bay Walk  Cape Schanck · Peninsula Insider,54,155,yes,34,38,32
/explore/cape-schanck-boardwalk,explore,planning,Cape Schanck Boardwalk  Cape Schanck · Peninsula Insider,56,155,yes,34,32,32
/explore/cape-schanck-lighthouse-walk,explore,planning,Cape Schanck Lighthouse Walk  Cape Schanck · Peninsula Insider,62,154,yes,33,7,30
/explore/coastal-walk-cape-schanck,explore,planning,Cape Schanck to London Bridge Coastal Walk  Cape Schanck · Peninsula Insider,76,155,yes,33,3,30
/explore/coppins-track,explore,planning,Coppins Track  Sorrento · Peninsula Insider,43,155,yes,35,14,31
/explore/dromana-beach,explore,planning,Dromana Beach  Dromana · Peninsula Insider,42,153,yes,33,12,30
/explore/eagle-ridge-golf-course,explore,planning,Eagle Ridge Golf Course  Balnarring · Peninsula Insider,55,155,yes,31,6,30
/explore/farnsworth-track,explore,planning,Farnsworth Track  Point Nepean · Peninsula Insider,50,155,yes,25,9,27
/explore/flinders-golf-club,explore,planning,Flinders Golf Club  Flinders · Peninsula Insider,48,155,yes,31,2,30
/explore/greens-bush-two-bays-section,explore,planning,Greens Bush - Two Bays Section  Main Ridge · Peninsula Insider,62,153,yes,32,5,29
/explore/gunnamatta-ocean-beach,explore,planning,Gunnamatta Ocean Beach  Cape Schanck · Peninsula Insider,56,155,yes,33,3,30
/explore,explore,planning,Things to Do on the Mornington Peninsula · Peninsula Insider,60,179,yes,145,336,86
/explore/montalto-sculpture-trail,explore,planning,Montalto Sculpture Trail  Red Hill · Peninsula Insider,54,153,yes,33,10,31
/explore/moonah-links,explore,planning,Moonah Links  Cape Schanck · Peninsula Insider,46,155,yes,31,3,30
/explore/mornington-foreshore-walk,explore,planning,Mornington Peninsula Foreshore Walk  Mornington · Peninsula Insider,67,153,yes,33,20,30
/explore/mornington-golf-club,explore,planning,Mornington Golf Club  Mornington · Peninsula Insider,52,155,yes,31,10,30
/explore/mornington-peninsula-gallery,explore,planning,Mornington Peninsula Regional Gallery  Mornington · Peninsula Insider,69,153,yes,35,13,31
/explore/mornington-peninsula-walk,explore,planning,The Two Bays Walking Track  Cape Schanck · Peninsula Insider,60,153,yes,33,3,30
/explore/mount-martha-beach,explore,planning,Mount Martha Beach  Mount Martha · Peninsula Insider,52,155,yes,31,6,30
/explore/point-nepean-fort-walk,explore,planning,Point Nepean Fort Walk  Point Nepean · Peninsula Insider,56,155,yes,26,14,29
/explore/point-nepean-national-park,explore,planning,Point Nepean National Park  Point Nepean · Peninsula Insider,60,153,yes,25,7,27
/explore/portsea-front-beach,explore,planning,Portsea Front Beach  Portsea · Peninsula Insider,48,155,yes,29,5,28
/explore/portsea-golf-club,explore,planning,Portsea Golf Club  Portsea · Peninsula Insider,46,155,yes,27,6,28
/explore/pt-leo-sculpture-park,explore,planning,Pt. Leo Estate Sculpture Park  Merricks · Peninsula Insider,59,155,yes,33,5,31
/explore/racv-cape-schanck-golf-course,explore,planning,RACV Cape Schanck Golf Course  Cape Schanck · Peninsula Insider,63,155,yes,31,3,30
/explore/red-hill-hinterland-cycling,explore,planning,Red Hill Hinterland Cycling  Red Hill · Peninsula Insider,57,155,yes,33,3,30
/explore/red-hill-market,explore,planning,Red Hill Community Market  Red Hill · Peninsula Insider,55,155,yes,33,9,31
/explore/rosebud-country-club,explore,planning,Rosebud Country Club  Rosebud · Peninsula Insider,49,155,yes,22,3,27
/explore/rye-ocean-beach,explore,planning,Rye Ocean Beach  Rye · Peninsula Insider,40,153,yes,31,6,29
/explore/safety-beach-foreshore,explore,planning,Safety Beach  Safety Beach · Peninsula Insider,46,151,yes,29,4,29
/explore/sea-search-encounters,explore,planning,Sea Search Encounters  Sorrento · Peninsula Insider,51,153,yes,33,6,30
/explore/sorrento-back-beach,explore,planning,Sorrento Back Beach  Sorrento · Peninsula Insider,49,155,yes,33,9,31
/explore/sorrento-ferry,explore,planning,Sorrento Ferry  Sorrento · Peninsula Insider,44,155,yes,33,2,30
/explore/sorrento-golf-club,explore,planning,Sorrento Golf Club  Sorrento · Peninsula Insider,48,155,yes,31,3,30
/explore/sorrento-ocean-baths,explore,planning,Sorrento Ocean Baths  Sorrento · Peninsula Insider,50,153,yes,35,5,31
/explore/st-andrews-beach-golf-course,explore,planning,St Andrews Beach Golf Course  Cape Schanck · Peninsula Insider,62,155,yes,33,4,31
/explore/summit-circuit-arthurs-seat,explore,planning,Summit Circuit Walk - Arthurs Seat  Red Hill · Peninsula Insider,64,155,yes,33,5,30
/explore/the-dunes-golf-links,explore,planning,The Dunes Golf Links  Rye · Peninsula Insider,45,155,yes,27,3,28
/explore/the-national-golf-club,explore,planning,The National Golf Club  Cape Schanck · Peninsula Insider,56,155,yes,31,3,30
/explore/two-bays-walking-track,explore,planning,Two Bays Walking Track  Cape Schanck · Peninsula Insider,56,153,yes,33,3,30
/golf,golf,commercial,Best Golf Courses Mornington Peninsula · Peninsula Insider,58,235,yes,26,336,25
/,home,navigational,Peninsula Insider — The Mornington Peninsula Guide,50,182,yes,109,336,57
/journal/a-flinders-weekend,journal,editorial,A Flinders Weekend: The Case for the Quiet Side of the Peninsula | Peninsula Insider,84,185,yes,51,25,32
/journal/a-winter-peninsula-weekend,journal,editorial,A Winter Peninsula Weekend: The Case for Coming in July | Peninsula Insider,75,277,yes,66,47,34
/journal/autumn-weekend-edit,journal,editorial,The Autumn Weekend Edit: Why April on the Peninsula Feels Most Earned | Peninsula Insider,89,181,yes,51,26,32
/journal/best-brunch-mornington-peninsula,journal,editorial,Best Brunch Mornington Peninsula · Peninsula Insider,52,147,yes,26,125,33
/journal/best-golf-courses-mornington-peninsula,journal,editorial,Best Golf Courses on the Mornington Peninsula — The Tier Guide | Peninsula Insider,82,177,yes,41,9,28
/journal/best-spas-mornington-peninsula,journal,editorial,Best Spas on the Mornington Peninsula — The Tier Guide | Peninsula Insider,74,190,yes,44,18,34
/journal/breakfast-before-the-crowds,journal,editorial,Breakfast Before the Crowds: Where Locals Actually Eat at 8am | Peninsula Insider,81,274,yes,60,36,34
/journal/dog-friendly-mornington-peninsula,journal,editorial,Dog-Friendly Mornington Peninsula · Peninsula Insider,53,174,yes,31,2,21
/journal/first-time-peninsula,journal,editorial,First Time on the Peninsula: The Honest Starter Guide | Peninsula Insider,73,208,yes,73,33,34
/journal/free-things-to-do-mornington-peninsula,journal,editorial,Free Things to Do Mornington Peninsula · Peninsula Insider,58,169,yes,28,33,30
/journal/how-to-build-a-red-hill-saturday,journal,editorial,How to Build a Red Hill Saturday | Peninsula Insider,52,114,yes,41,19,30
/journal/how-to-plan-a-peninsula-weekend,journal,editorial,How to Plan a Peninsula Weekend: The Decision Framework | Peninsula Insider,75,162,yes,77,20,35
/journal,journal,editorial,Mornington Peninsula Journal · Peninsula Insider,48,120,yes,144,336,83
/journal/mornington-day-guide,journal,editorial,The Mornington Day: How to Treat the Gateway Town as the Destination | Peninsula Insider,88,160,yes,51,19,32
/journal/mornington-peninsula-day-trip,journal,editorial,Mornington Peninsula Day Trip from Melbourne · Peninsula Insider,64,165,yes,32,2,33
/journal/mornington-peninsula-golf-guide,journal,editorial,Mornington Peninsula Golf — Why It&#39;s Australia&#39;s Best Golf Region | Peninsula Insider,93,167,yes,42,6,30
/journal/mornington-peninsula-golf-stay-and-play,journal,editorial,Mornington Peninsula Stay and Play Golf — Where to Stay Near Every Course | Peninsula Insider,93,199,yes,42,11,42
/journal/mornington-peninsula-hot-springs-guide,journal,editorial,Mornington Peninsula Hot Springs Guide · Peninsula Insider,58,170,yes,29,201,34
/journal/mornington-peninsula-in-autumn,journal,editorial,Mornington Peninsula in Autumn · Peninsula Insider,50,178,yes,30,2,37
/journal/mornington-peninsula-in-winter,journal,editorial,Mornington Peninsula in Winter · Peninsula Insider,50,177,yes,29,45,40
/journal/mornington-peninsula-itinerary,journal,editorial,Mornington Peninsula Itinerary · Peninsula Insider,50,168,yes,31,208,35
/journal/mornington-peninsula-stay-and-soak,journal,editorial,Mornington Peninsula Stay and Soak — Where to Stay Near the Hot Springs | Peninsula Insider,91,189,yes,51,7,39
/journal/mornington-peninsula-wedding-venues,journal,editorial,Mornington Peninsula Wedding Venues · Peninsula Insider,55,185,yes,27,11,31
/journal/mornington-peninsula-winery-tour,journal,editorial,Mornington Peninsula Winery Tour · Peninsula Insider,52,163,yes,31,169,31
/journal/mornington-peninsula-with-kids,journal,editorial,Mornington Peninsula with Kids · Peninsula Insider,50,185,yes,30,2,25
/journal/peninsula-hot-springs-vs-alba,journal,editorial,Peninsula Hot Springs vs Alba Thermal Springs — Which One Should You Book? | Peninsula Insider,94,233,yes,54,6,35
/journal/peninsula-this-weekend-april-18,journal,editorial,Peninsula This Weekend - 18 to 20 April | Peninsula Insider,59,172,yes,38,6,36
/journal/rainy-day-peninsula,journal,editorial,The Rainy Day Peninsula: Where to Go When the Weather Turns | Peninsula Insider,79,159,yes,58,11,31
/journal/st-andrews-beach-golf-course,journal,editorial,St Andrews Beach Golf Course — The World-Ranked Course Anyone Can Book | Peninsula Insider,90,190,yes,41,15,30
/journal/the-birthday-weekend,journal,editorial,The Peninsula Birthday Weekend: A Two-Night Plan That Actually Feels Celebratory | Peninsula Insider,100,246,yes,73,53,33
/journal/the-cellar-door-short-list,journal,editorial,The Cellar Door Short List: Five Producers Worth the Appointment | Peninsula Insider,84,177,yes,48,35,29
/journal/the-chardonnay-case,journal,editorial,The Chardonnay Case: Why the Peninsula&#39;s Second Wine Deserves Top Billing | Peninsula Insider,97,232,yes,54,25,35
/journal/the-couples-weekend,journal,editorial,The Couples&#39; Weekend: A Two-Night Peninsula Itinerary for People Who Don&#39;t Need Activities | Peninsula Insider,118,174,yes,64,18,34
/journal/the-dog-friendly-peninsula,journal,editorial,The Dog-Friendly Peninsula: A Weekend That Actually Works With the Dog | Peninsula Insider,90,225,yes,63,26,35
/journal/the-easter-peninsula,journal,editorial,The Easter Peninsula: How to Do the Long Weekend Without Losing It to the Crowds | Peninsula Insider,100,321,yes,72,49,33
/journal/the-four-hour-peninsula,journal,editorial,The Four-Hour Peninsula: A Surgical Strike for When the Weekend Is Half a Day | Peninsula Insider,97,244,yes,71,12,32
/journal/the-friday-night-arrival,journal,editorial,The Friday Night Arrival: How to Start a Peninsula Weekend Without Wasting the First Evening | Peninsula Insider,112,213,yes,55,17,30
/journal/the-long-lunch,journal,editorial,The Long Lunch: Why the Mornington Peninsula Does Sunday Better Than Anywhere in Victoria | Peninsula Insider,109,126,yes,40,11,29
/journal/the-market-saturday,journal,editorial,The Market Saturday: Two Peninsula Weekends Built Around the Right Hour at the Right Stall | Peninsula Insider,110,255,yes,62,13,34
/journal/the-one-night-escape,journal,editorial,The One-Night Peninsula Escape: How to Make 26 Hours Feel Like Three Days | Peninsula Insider,93,161,yes,64,9,42
/journal/the-peninsula-beach-swimming-guide,journal,editorial,The Peninsula Beach Swimming Guide: Which Beach for Which Swim  From Bay to Back Beach | Peninsula Insider,106,263,yes,72,17,35
/journal/the-peninsula-orientation-drive,journal,editorial,The Peninsula Orientation Drive: Six Stops That Explain the Region in Half a Day | Peninsula Insider,100,210,yes,64,11,36
/journal/the-peninsula-pantry,journal,editorial,The Peninsula Pantry: A Saturday Shopping List for Anyone Cooking in a Rental | Peninsula Insider,97,218,yes,57,22,41
/journal/the-peninsula-picnic,journal,editorial,The Peninsula Picnic: How to Assemble and Eat One Properly | Peninsula Insider,78,237,yes,70,8,34
/journal/the-peninsula-with-kids,journal,editorial,The Peninsula with Kids: A Day That Doesn&#39;t Punish Anyone | Peninsula Insider,81,172,yes,59,14,35
/journal/the-peninsulas-best-late-afternoon-walks,journal,editorial,The Peninsula&#39;s Best Late-Afternoon Walks | Peninsula Insider,65,135,yes,34,10,31
/journal/the-point-nepean-half-day,journal,editorial,The Point Nepean Half-Day: The Peninsula&#39;s Most Underused National Park | Peninsula Insider,95,251,yes,60,10,33
/journal/the-producer-trail,journal,editorial,The Peninsula Producer Trail: A Day Spent Closer to the Source | Peninsula Insider,82,304,yes,67,47,32
/journal/the-pub-crawl,journal,editorial,The Peninsula Pub Crawl: Six Pubs  Three Routes  No Pretension | Peninsula Insider,82,171,yes,72,13,34
/journal/the-pub-guide,journal,editorial,The Peninsula Pub Guide: Six Hotels That Still Know What a Pub Is For | Peninsula Insider,89,232,yes,63,7,33
/journal/the-rainy-day-peninsula-without-a-booking,journal,editorial,The Rainy-Day Peninsula Without a Booking | Peninsula Insider,61,189,yes,67,7,35
/journal/the-school-holidays-survival-guide,journal,editorial,The School Holidays Survival Guide | Peninsula Insider,54,158,yes,71,10,35
/journal/the-seafood-list,journal,editorial,The Seafood List: Where the Fish Comes Off the Boat and Onto the Plate | Peninsula Insider,90,201,yes,55,11,34
/journal/the-sorrento-weekend,journal,editorial,The Sorrento Weekend: How to Do the Tip Without Treating It Like a Summer Strip | Peninsula Insider,99,260,yes,63,7,34
/journal/the-spring-peninsula,journal,editorial,The Spring Peninsula: Why September and October Are the Region&#39;s Most Underrated Weekends | Peninsula Insider,113,248,yes,61,17,35
/journal/the-sunset-drink,journal,editorial,The Sunset Drink: Where to Watch the Light Drop on the Peninsula | Peninsula Insider,84,194,yes,61,6,33
/journal/the-sunset-hour,journal,editorial,The Sunset Hour: Where to Be at the End of the Day | Peninsula Insider,70,188,yes,59,6,33
/journal/the-thermal-springs-weekend,journal,editorial,The Thermal Springs Weekend: How to Do Wellness on the Peninsula Without Wasting It | Peninsula Insider,103,171,yes,56,9,37
/journal/the-vineyard-villa-weekend,journal,editorial,The Vineyard Villa Weekend: The Peninsula&#39;s Quietest Luxury | Peninsula Insider,83,180,yes,59,6,36
/journal/three-italian-dinners,journal,editorial,Tedesca  Tractor  Laura: The Three Peninsula Dinners and the Argument Between Them | Peninsula Insider,102,141,yes,52,10,29
/journal/where-to-eat-without-a-booking,journal,editorial,Where to Eat Without a Booking | Peninsula Insider,50,166,yes,81,8,31
/journal/where-to-stay-for-a-two-night-escape,journal,editorial,Where to Stay for a Two-Night Peninsula Escape | Peninsula Insider,66,125,yes,41,6,30
/newsletter,newsletter,transactional,Newsletter - Peninsula Insider,30,131,yes,23,336,22
/places/balnarring,places,geographic,Balnarring Guide 2026 — Market  Beaches &amp; Hinterland Quiet | Peninsula Insider,82,155,yes,65,39,42
/places/blairgowrie,places,geographic,Blairgowrie Guide — Things to Do  Eat &amp; Stay | Peninsula Insider,68,153,yes,34,1,29
/places/cape-schanck,places,geographic,Cape Schanck Guide 2026 — Walks  Lighthouse &amp; Wild Coast | Peninsula Insider,80,162,yes,76,59,51
/places/dromana,places,geographic,Dromana Guide 2026 — Gateway to the Peninsula &amp; Arthur&#39;s Seat | Peninsula Insider,89,146,yes,75,65,47
/places/flinders,places,geographic,Flinders Mornington Peninsula 2026 — Guide to the Ocean Village | Peninsula Insider,83,172,yes,70,336,42
/places/hastings,places,geographic,Hastings Guide — Things to Do  Eat &amp; Stay | Peninsula Insider,65,153,yes,48,64,36
/places,places,geographic,Mornington Peninsula Towns Guide — Places | Peninsula Insider,61,139,yes,120,336,39
/places/main-ridge,places,geographic,Main Ridge Guide 2026 — Cellar Doors  Producers &amp; the Plateau | Peninsula Insider,85,139,yes,75,336,46
/places/merricks,places,geographic,Merricks Guide 2026 — Wineries  General Store &amp; Village Pace | Peninsula Insider,84,154,yes,80,41,48
/places/moorooduc,places,geographic,Moorooduc Guide — Things to Do  Eat &amp; Stay | Peninsula Insider,66,153,yes,53,12,35
/places/mornington,places,geographic,Mornington Town Guide 2026 — Restaurants  Markets &amp; Beaches | Peninsula Insider,83,167,yes,86,336,53
/places/mount-martha,places,geographic,Mount Martha Guide 2026 — Beaches  Walks &amp; Bayside Living | Peninsula Insider,81,146,yes,52,14,35
/places/point-nepean,places,geographic,Point Nepean Guide 2026 — Fort Walk  National Park &amp; History | Peninsula Insider,84,148,yes,52,16,37
/places/portsea,places,geographic,Portsea Guide 2026 — Beaches  Dining &amp; the Tip of the Peninsula | Peninsula Insider,87,152,yes,50,336,35
/places/red-hill,places,geographic,Red Hill Mornington Peninsula 2026 — Best Wineries &amp; Restaurants | Peninsula Insider,88,169,yes,96,336,58
/places/rosebud,places,geographic,Rosebud Guide — Things to Do  Eat &amp; Stay | Peninsula Insider,64,153,yes,45,5,34
/places/rye,places,geographic,Rye Mornington Peninsula 2026 — Beaches  Hot Springs &amp; Brewery Guide | Peninsula Insider,92,167,yes,57,16,39
/places/safety-beach,places,geographic,Safety Beach Guide — Things to Do  Eat &amp; Stay | Peninsula Insider,69,153,yes,51,5,37
/places/shoreham,places,geographic,Shoreham Guide — Things to Do  Eat &amp; Stay | Peninsula Insider,65,155,yes,48,64,33
/places/sorrento,places,geographic,Sorrento Mornington Peninsula 2026 — Where to Eat  Stay &amp; Swim | Peninsula Insider,86,164,yes,77,336,50
/places/tuerong,places,geographic,Tuerong Guide — Things to Do  Eat &amp; Stay | Peninsula Insider,64,153,yes,48,9,34
/privacy,legal,transactional,Privacy Policy - Peninsula Insider,34,102,yes,22,336,21
/search,search,navigational,Search | Peninsula Insider,26,143,yes,17,0,21
/spa,spa,commercial,Mornington Peninsula Hot Springs Guide · Peninsula Insider,58,232,yes,34,336,31
/stay/alba-thermal-springs,stay,commercial,Alba Thermal Springs &amp; Spa  Red Hill · Peninsula Insider,60,129,yes,37,42,33
/stay/best-accommodation,stay,commercial,Best Accommodation Mornington Peninsula · Peninsula Insider,59,148,yes,58,11,42
/stay/crittenden-villas,stay,commercial,Crittenden Estate Villas  Dromana · Peninsula Insider,53,143,yes,34,29,32
/stay/endota-spa-mornington,stay,commercial,Endota Spa Mornington  Mornington · Peninsula Insider,53,145,yes,31,23,30
/stay/endota-spa-sorrento,stay,commercial,Endota Spa Sorrento  Sorrento · Peninsula Insider,49,149,yes,31,15,30
/stay/flinders-hotel,stay,commercial,Flinders Hotel  Flinders · Peninsula Insider,44,96,yes,37,15,33
/stay/hillview-cottages,stay,commercial,Hillview Farm Cottages  Main Ridge · Peninsula Insider,54,110,yes,34,7,32
/stay/hotel-sorrento,stay,commercial,Hotel Sorrento  Sorrento · Peninsula Insider,44,96,yes,38,20,34
/stay,stay,commercial,Where to Stay on the Mornington Peninsula · Peninsula Insider,61,183,yes,135,336,55
/stay/jackalope,stay,commercial,Jackalope Hotel  Red Hill · Peninsula Insider,45,116,yes,38,13,34
/stay/lindenderry,stay,commercial,Lindenderry at Red Hill  Red Hill · Peninsula Insider,53,122,yes,37,10,33
/stay/one-spa-racv-cape-schanck,stay,commercial,One Spa at RACV Cape Schanck Resort  Cape Schanck · Peninsula Insider,69,151,yes,35,19,33
/stay/peninsula-hot-springs,stay,commercial,Peninsula Hot Springs  Cape Schanck · Peninsula Insider,55,110,yes,34,21,33
/stay/peninsula-hot-springs-glamping,stay,commercial,Peninsula Hot Springs Glamping  Cape Schanck · Peninsula Insider,64,128,yes,34,4,33
/stay/point-leo-estate-villas,stay,commercial,Point Leo Estate Villas  Merricks · Peninsula Insider,53,168,yes,34,3,33
/stay/polperro-villas,stay,commercial,Polperro Villas  Red Hill · Peninsula Insider,45,96,yes,34,6,32
/stay/port-phillip-estate,stay,commercial,Port Phillip Estate  Red Hill · Peninsula Insider,49,107,yes,34,4,32
/stay/sorrento-coastal-retreat,stay,commercial,Sorrento Coastal Retreat  Sorrento · Peninsula Insider,54,142,yes,32,3,31
/stay/spa-by-jackalope,stay,commercial,Spa by Jackalope  Merricks · Peninsula Insider,46,135,yes,33,6,32
/stay/the-continental-sorrento,stay,commercial,The Continental  Sorrento · Peninsula Insider,45,131,yes,37,6,33
/terms,legal,transactional,Terms of Use | Peninsula Insider,32,123,yes,24,0,21
/whats-on/alba-fire-and-ice-sessions,whats-on,events,Alba Thermal Springs - Fire &amp; Ice Circuits  Red Hill · Peninsula Insider,76,177,yes,33,10,25
/whats-on/anzac-day-sorrento-dawn,whats-on,events,ANZAC Day Dawn Service - Sorrento Memorial  Sorrento · Peninsula Insider,72,183,yes,33,9,24
/whats-on/briars-eco-explorers-autumn,whats-on,events,The Briars - Eco Explorers Autumn Sessions  Mount Martha · Peninsula Insider,76,179,yes,33,10,25
/whats-on/chocolaterie-junior-chocolatier,whats-on,events,Mornington Peninsula Chocolates - Junior Chocolatier Class  Flinders · Peninsula Insider,88,158,yes,30,6,24
/whats-on,whats-on,events,What&#39;s On Mornington Peninsula · Peninsula Insider,54,143,yes,164,336,34
/whats-on/moonlit-sanctuary-easter-program,whats-on,events,Moonlit Sanctuary - Easter School Holiday Program  Mornington · Peninsula Insider,81,139,yes,30,3,23
/whats-on/mornington-cup-2026,whats-on,events,Mornington Cup Raceday 2026  Mornington · Peninsula Insider,59,153,yes,33,2,24
/whats-on/mprg-autumn-exhibition,whats-on,events,Mornington Peninsula Regional Gallery - Autumn Exhibition  Mornington · Peninsula Insider,89,162,yes,33,1,24
/whats-on/peninsula-hot-springs-sunday-sessions,whats-on,events,Peninsula Hot Springs - Sunday Sessions  Rye · Peninsula Insider,64,159,yes,33,2,26
/whats-on/red-hill-market-first-saturday,whats-on,events,Red Hill Market - First Saturday  Every Month  Red Hill · Peninsula Insider,75,141,yes,33,1,25
/whats-on/sorrento-writers-festival-2026,whats-on,events,Sorrento Writers Festival 2026  Sorrento · Peninsula Insider,60,153,yes,33,3,24
/whats-on/sunny-ridge-strawberry-picking,whats-on,events,Sunny Ridge Strawberry Farm - School Holiday Picking  Main Ridge · Peninsula Insider,84,150,yes,30,4,24
/whats-on/winter-wine-weekend-june,whats-on,events,Mornington Peninsula Winter Wine Weekend  Red Hill · Peninsula Insider,70,156,yes,33,1,24
/wine/advance-mussel-supply,wine,commercial,Advance Mussel Supply  Hastings · Peninsula Insider,51,127,yes,34,63,34
/wine/ashcombe-maze,wine,commercial,Ashcombe Maze &amp; Lavender Gardens  Shoreham · Peninsula Insider,66,126,yes,34,63,34
/wine/avani-wines,wine,commercial,Avani Wines  Red Hill · Peninsula Insider,41,148,yes,30,68,32
/wine/baillieu-vineyard,wine,commercial,Baillieu Vineyard  Merricks · Peninsula Insider,47,123,yes,26,12,31
/wine/barmah-park-vineyard,wine,commercial,Barmah Park Vineyard  Moorooduc · Peninsula Insider,51,153,yes,26,3,31
/wine/bass-and-flinders,wine,commercial,Bass &amp; Flinders Distillery  Mornington · Peninsula Insider,62,130,yes,34,9,33
/wine/best-cellar-doors,wine,commercial,Best Cellar Doors Mornington Peninsula · Peninsula Insider,58,138,yes,45,12,37
/wine/circe-wines,wine,commercial,Circe Wines  Mornington · Peninsula Insider,43,149,yes,26,3,30
/wine/crittenden-estate,wine,commercial,Crittenden Estate  Dromana · Peninsula Insider,46,139,yes,32,5,33
/wine/dexter-wines,wine,commercial,Dexter Wines  Main Ridge · Peninsula Insider,44,115,yes,34,6,33
/wine/dromana-estate,wine,commercial,Dromana Estate  Tuerong · Peninsula Insider,43,119,yes,26,2,31
/wine/elan-vineyard,wine,commercial,Elan Vineyard &amp; Gallery  Balnarring · Peninsula Insider,59,135,yes,26,2,31
/wine/eldridge-estate,wine,commercial,Eldridge Estate  Red Hill · Peninsula Insider,45,119,yes,30,3,31
/wine/elgee-park,wine,commercial,Elgee Park  Merricks · Peninsula Insider,40,96,yes,26,3,31
/wine/foxeys-hangout,wine,commercial,Foxeys Hangout  Red Hill · Peninsula Insider,44,131,yes,32,4,32
/wine/garagiste,wine,commercial,Garagiste  Mornington · Peninsula Insider,41,132,yes,30,3,31
/wine/hastings-fishermens-coop,wine,commercial,Hastings Fishermen&#39;s Co-op  Hastings · Peninsula Insider,60,127,yes,32,2,32
/wine/hurley-vineyard,wine,commercial,Hurley Vineyard  Balnarring · Peninsula Insider,47,156,yes,30,2,32
/wine,wine,commercial,Best Wineries Mornington Peninsula · Peninsula Insider,54,195,yes,196,336,92
/wine/jetty-road-brewery,wine,commercial,Jetty Road Brewery  Dromana · Peninsula Insider,47,143,yes,32,2,33
/wine/kerri-greens,wine,commercial,Kerri Greens  Merricks · Peninsula Insider,42,142,yes,26,3,31
/wine/kooyong,wine,commercial,Kooyong  Main Ridge · Peninsula Insider,39,92,yes,34,4,33
/wine/lightfoot-wines,wine,commercial,Lightfoot Wines  Main Ridge · Peninsula Insider,47,116,yes,26,2,30
/wine/main-ridge-dairy,wine,commercial,Main Ridge Dairy  Main Ridge · Peninsula Insider,48,131,yes,34,2,33
/wine/main-ridge-estate,wine,commercial,Main Ridge Estate  Main Ridge · Peninsula Insider,49,147,yes,32,2,32
/wine/merricks-estate,wine,commercial,Merricks Estate  Merricks · Peninsula Insider,45,119,yes,26,2,31
/wine/montalto,wine,commercial,Montalto Vineyard &amp; Olive Grove  Red Hill · Peninsula Insider,65,157,yes,38,7,35
/wine/moorooduc-estate,wine,commercial,Moorooduc Estate  Moorooduc · Peninsula Insider,47,143,yes,32,2,33
/wine/morning-sun,wine,commercial,Morning Sun Vineyard  Main Ridge · Peninsula Insider,52,142,yes,32,2,32
/wine/mornington-peninsula-brewery,wine,commercial,Mornington Peninsula Brewery  Mornington · Peninsula Insider,60,137,yes,30,2,31
/wine/mornington-peninsula-chocolates,wine,commercial,Mornington Peninsula Chocolates  Flinders · Peninsula Insider,61,132,yes,34,3,33
/wine/mornington-peninsula-cider,wine,commercial,Mornington Peninsula Cider  Main Ridge · Peninsula Insider,58,114,yes,34,1,33
/wine/nazaaray-estate,wine,commercial,Nazaaray Estate  Flinders · Peninsula Insider,45,118,yes,30,2,31
/wine/ocean-eight,wine,commercial,Ocean Eight Vineyard  Main Ridge · Peninsula Insider,52,113,yes,34,4,33
/wine/onannon,wine,commercial,Onannon  Tuerong · Peninsula Insider,36,116,yes,26,2,31
/wine/paradigm-hill,wine,commercial,Paradigm Hill  Main Ridge · Peninsula Insider,45,112,yes,30,1,31
/wine/paringa-estate,wine,commercial,Paringa Estate  Red Hill · Peninsula Insider,44,98,yes,34,4,33
/wine/peninsula-fresh-organics,wine,commercial,Peninsula Fresh Organics  Mornington · Peninsula Insider,56,135,yes,34,2,33
/wine/phaedrus-estate,wine,commercial,Phaedrus Estate  Dromana · Peninsula Insider,44,140,yes,26,2,31
/wine/pier-street-seafood,wine,commercial,Pier Street Fresh Seafood  Dromana · Peninsula Insider,54,110,yes,32,2,33
/wine/polperro,wine,commercial,Polperro  Red Hill · Peninsula Insider,38,108,yes,37,11,34
/wine/prancing-horse-estate,wine,commercial,Prancing Horse Estate  Red Hill · Peninsula Insider,51,145,yes,26,1,30
/wine/quealy-winemakers,wine,commercial,Quealy Winemakers  Merricks · Peninsula Insider,47,109,yes,32,4,33
/wine/red-hill-brewery,wine,commercial,Red Hill Brewery  Red Hill · Peninsula Insider,46,101,yes,37,3,34
/wine/red-hill-cheese,wine,commercial,Red Hill Cheese  Red Hill · Peninsula Insider,45,114,yes,34,1,33
/wine/red-hill-estate,wine,commercial,Red Hill Estate  Red Hill · Peninsula Insider,45,141,yes,26,1,30
/wine/red-hill-truffles,wine,commercial,Red Hill Truffles  Red Hill · Peninsula Insider,47,160,yes,30,1,31
/wine/scorpo-wines,wine,commercial,Scorpo Wines  Merricks · Peninsula Insider,42,144,yes,32,2,33
/wine/st-andrews-beach-brewery,wine,commercial,St Andrews Beach Brewery  Rye · Peninsula Insider,49,154,yes,34,4,34
/wine/stonier-wines,wine,commercial,Stonier Wines  Merricks · Peninsula Insider,43,133,yes,32,1,33
/wine/stumpy-gully-vineyard,wine,commercial,Stumpy Gully Vineyard  Moorooduc · Peninsula Insider,52,146,yes,26,2,31
/wine/sunny-ridge-strawberry-farm,wine,commercial,Sunny Ridge Strawberry Farm  Main Ridge · Peninsula Insider,59,145,yes,34,2,33
/wine/t-gallant,wine,commercial,T&#39;Gallant  Main Ridge · Peninsula Insider,45,136,yes,26,1,30
/wine/trofeo-estate,wine,commercial,Trofeo Estate  Dromana · Peninsula Insider,42,129,yes,26,2,31
/wine/tucks-ridge,wine,commercial,Tuck&#39;s Ridge  Red Hill · Peninsula Insider,46,123,yes,26,1,30
/wine/two-bays-brewing,wine,commercial,Two Bays Brewing Co  Dromana · Peninsula Insider,48,168,yes,34,2,34
/wine/willow-creek-vineyard,wine,commercial,Willow Creek Vineyard  Merricks · Peninsula Insider,51,128,yes,26,1,31
/wine/yabby-lake,wine,commercial,Yabby Lake Vineyard  Tuerong · Peninsula Insider,48,144,yes,32,2,33