bucket,section,words,url,reason,title
DIFFERENTIATE,eat,381,"https://peninsulainsider.com.au/eat/dromana-estate","near-duplicate of wine/{slug} — differentiate dining vs cellar door content, or add canonical to wine/","Dromana Estate, Tuerong · Peninsula Insider"
DIFFERENTIATE,eat,382,"https://peninsulainsider.com.au/eat/onannon","near-duplicate of wine/{slug} — differentiate dining vs cellar door content, or add canonical to wine/","Onannon, Tuerong · Peninsula Insider"
DIFFERENTIATE,eat,393,"https://peninsulainsider.com.au/eat/phaedrus-estate","near-duplicate of wine/{slug} — differentiate dining vs cellar door content, or add canonical to wine/","Phaedrus Estate, Dromana · Peninsula Insider"
DIFFERENTIATE,eat,422,"https://peninsulainsider.com.au/eat/baillieu-vineyard","near-duplicate of wine/{slug} — differentiate dining vs cellar door content, or add canonical to wine/","Baillieu Vineyard, Merricks · Peninsula Insider"
DIFFERENTIATE,eat,425,"https://peninsulainsider.com.au/eat/lightfoot-wines","near-duplicate of wine/{slug} — differentiate dining vs cellar door content, or add canonical to wine/","Lightfoot Wines, Main Ridge · Peninsula Insider"
DIFFERENTIATE,eat,426,"https://peninsulainsider.com.au/eat/stumpy-gully-vineyard","near-duplicate of wine/{slug} — differentiate dining vs cellar door content, or add canonical to wine/","Stumpy Gully Vineyard, Moorooduc · Peninsula Insider"
DIFFERENTIATE,eat,443,"https://peninsulainsider.com.au/eat/trofeo-estate","near-duplicate of wine/{slug} — differentiate dining vs cellar door content, or add canonical to wine/","Trofeo Estate, Dromana · Peninsula Insider"
DIFFERENTIATE,eat,444,"https://peninsulainsider.com.au/eat/tucks-ridge","near-duplicate of wine/{slug} — differentiate dining vs cellar door content, or add canonical to wine/","Tuck's Ridge, Red Hill · Peninsula Insider"
DIFFERENTIATE,eat,446,"https://peninsulainsider.com.au/eat/merricks-estate","near-duplicate of wine/{slug} — differentiate dining vs cellar door content, or add canonical to wine/","Merricks Estate, Merricks · Peninsula Insider"
DIFFERENTIATE,eat,446,"https://peninsulainsider.com.au/eat/willow-creek-vineyard","near-duplicate of wine/{slug} — differentiate dining vs cellar door content, or add canonical to wine/","Willow Creek Vineyard, Merricks · Peninsula Insider"
DIFFERENTIATE,eat,452,"https://peninsulainsider.com.au/eat/barmah-park-vineyard","near-duplicate of wine/{slug} — differentiate dining vs cellar door content, or add canonical to wine/","Barmah Park Vineyard, Moorooduc · Peninsula Insider"
DIFFERENTIATE,eat,466,"https://peninsulainsider.com.au/eat/elgee-park","near-duplicate of wine/{slug} — differentiate dining vs cellar door content, or add canonical to wine/","Elgee Park, Merricks · Peninsula Insider"
DIFFERENTIATE,eat,467,"https://peninsulainsider.com.au/eat/circe-wines","near-duplicate of wine/{slug} — differentiate dining vs cellar door content, or add canonical to wine/","Circe Wines, Mornington · Peninsula Insider"
DIFFERENTIATE,eat,468,"https://peninsulainsider.com.au/eat/red-hill-estate","near-duplicate of wine/{slug} — differentiate dining vs cellar door content, or add canonical to wine/","Red Hill Estate, Red Hill · Peninsula Insider"
DIFFERENTIATE,eat,471,"https://peninsulainsider.com.au/eat/t-gallant","near-duplicate of wine/{slug} — differentiate dining vs cellar door content, or add canonical to wine/","T'Gallant, Main Ridge · Peninsula Insider"
DIFFERENTIATE,eat,474,"https://peninsulainsider.com.au/eat/prancing-horse-estate","near-duplicate of wine/{slug} — differentiate dining vs cellar door content, or add canonical to wine/","Prancing Horse Estate, Red Hill · Peninsula Insider"
DIFFERENTIATE,eat,507,"https://peninsulainsider.com.au/eat/paradigm-hill","near-duplicate of wine/{slug} — differentiate dining vs cellar door content, or add canonical to wine/","Paradigm Hill, Main Ridge · Peninsula Insider"
DIFFERENTIATE,eat,523,"https://peninsulainsider.com.au/eat/nazaaray-estate","near-duplicate of wine/{slug} — differentiate dining vs cellar door content, or add canonical to wine/","Nazaaray Estate, Flinders · Peninsula Insider"
DIFFERENTIATE,eat,533,"https://peninsulainsider.com.au/eat/hurley-vineyard","near-duplicate of wine/{slug} — differentiate dining vs cellar door content, or add canonical to wine/","Hurley Vineyard, Balnarring · Peninsula Insider"
DIFFERENTIATE,eat,535,"https://peninsulainsider.com.au/eat/quealy-winemakers","near-duplicate of wine/{slug} — differentiate dining vs cellar door content, or add canonical to wine/","Quealy Winemakers, Merricks · Peninsula Insider"
DIFFERENTIATE,eat,540,"https://peninsulainsider.com.au/eat/garagiste","near-duplicate of wine/{slug} — differentiate dining vs cellar door content, or add canonical to wine/","Garagiste, Mornington · Peninsula Insider"
DIFFERENTIATE,eat,542,"https://peninsulainsider.com.au/eat/avani-wines","near-duplicate of wine/{slug} — differentiate dining vs cellar door content, or add canonical to wine/","Avani Wines, Red Hill · Peninsula Insider"
DIFFERENTIATE,eat,561,"https://peninsulainsider.com.au/eat/eldridge-estate","near-duplicate of wine/{slug} — differentiate dining vs cellar door content, or add canonical to wine/","Eldridge Estate, Red Hill · Peninsula Insider"
DIFFERENTIATE,eat,592,"https://peninsulainsider.com.au/eat/foxeys-hangout","near-duplicate of wine/{slug} — differentiate dining vs cellar door content, or add canonical to wine/","Foxeys Hangout, Red Hill · Peninsula Insider"
DIFFERENTIATE,eat,594,"https://peninsulainsider.com.au/eat/morning-sun","near-duplicate of wine/{slug} — differentiate dining vs cellar door content, or add canonical to wine/","Morning Sun Vineyard, Main Ridge · Peninsula Insider"
DIFFERENTIATE,eat,595,"https://peninsulainsider.com.au/eat/scorpo-wines","near-duplicate of wine/{slug} — differentiate dining vs cellar door content, or add canonical to wine/","Scorpo Wines, Merricks · Peninsula Insider"
DIFFERENTIATE,eat,602,"https://peninsulainsider.com.au/eat/yabby-lake","near-duplicate of wine/{slug} — differentiate dining vs cellar door content, or add canonical to wine/","Yabby Lake Vineyard, Tuerong · Peninsula Insider"
DIFFERENTIATE,eat,605,"https://peninsulainsider.com.au/eat/moorooduc-estate","near-duplicate of wine/{slug} — differentiate dining vs cellar door content, or add canonical to wine/","Moorooduc Estate, Moorooduc · Peninsula Insider"
DIFFERENTIATE,eat,610,"https://peninsulainsider.com.au/eat/paringa-estate","near-duplicate of wine/{slug} — differentiate dining vs cellar door content, or add canonical to wine/","Paringa Estate, Red Hill · Peninsula Insider"
DIFFERENTIATE,eat,610,"https://peninsulainsider.com.au/eat/stonier-wines","near-duplicate of wine/{slug} — differentiate dining vs cellar door content, or add canonical to wine/","Stonier Wines, Merricks · Peninsula Insider"
DIFFERENTIATE,eat,632,"https://peninsulainsider.com.au/eat/main-ridge-estate","near-duplicate of wine/{slug} — differentiate dining vs cellar door content, or add canonical to wine/","Main Ridge Estate, Main Ridge · Peninsula Insider"
DIFFERENTIATE,eat,633,"https://peninsulainsider.com.au/eat/kooyong","near-duplicate of wine/{slug} — differentiate dining vs cellar door content, or add canonical to wine/","Kooyong, Main Ridge · Peninsula Insider"
DIFFERENTIATE,eat,637,"https://peninsulainsider.com.au/eat/dexter-wines","near-duplicate of wine/{slug} — differentiate dining vs cellar door content, or add canonical to wine/","Dexter Wines, Main Ridge · Peninsula Insider"
DIFFERENTIATE,eat,650,"https://peninsulainsider.com.au/eat/crittenden-estate","near-duplicate of wine/{slug} — differentiate dining vs cellar door content, or add canonical to wine/","Crittenden Estate, Dromana · Peninsula Insider"
DIFFERENTIATE,eat,677,"https://peninsulainsider.com.au/eat/ocean-eight","near-duplicate of wine/{slug} — differentiate dining vs cellar door content, or add canonical to wine/","Ocean Eight Vineyard, Main Ridge · Peninsula Insider"
DIFFERENTIATE,eat,769,"https://peninsulainsider.com.au/eat/montalto","near-duplicate of wine/{slug} — differentiate dining vs cellar door content, or add canonical to wine/","Montalto Vineyard & Olive Grove, Red Hill · Peninsula Insider"
KEEP_IMPROVE,eat,1059,"https://peninsulainsider.com.au/eat/best-restaurants","best-of hub — high search intent, prioritise for improvement","Best Restaurants Mornington Peninsula · Peninsula Insider"
KEEP_IMPROVE,eat,5689,"https://peninsulainsider.com.au/eat","section hub — strong internal link anchor, keep in sitemap","Best Restaurants Mornington Peninsula · Peninsula Insider"
KEEP_IMPROVE,escape,867,"https://peninsulainsider.com.au/escape/the-family-day-out","strong content — keep in sitemap, request indexing","The Peninsula Family Day Out — Mornington Peninsula Weekend Escape | Peninsula Insider"
KEEP_IMPROVE,escape,916,"https://peninsulainsider.com.au/escape/wellness-weekend","strong content — keep in sitemap, request indexing","The Wellness Reset: A Two-Night Peninsula Weekend — Mornington Peninsula Weekend Escape | Peninsula Insider"
KEEP_IMPROVE,escape,973,"https://peninsulainsider.com.au/escape/ridge-to-sea-two-night-escape","strong content — keep in sitemap, request indexing","Ridge to Sea: A Two-Night Peninsula Escape — Mornington Peninsula Weekend Escape | Peninsula Insider"
KEEP_IMPROVE,escape,993,"https://peninsulainsider.com.au/escape/the-peninsula-golf-weekend","strong content — keep in sitemap, request indexing","The Peninsula Golf Weekend: Two Nights, One Serious Round, Room for the Rest — Mornington Peninsula Weekend Escape | Peninsula Insider"
KEEP_IMPROVE,escape,1109,"https://peninsulainsider.com.au/escape/sorrento-off-season-weekend","strong content — keep in sitemap, request indexing","The Sorrento Off-Season Weekend — Mornington Peninsula Weekend Escape | Peninsula Insider"
KEEP_IMPROVE,escape,1573,"https://peninsulainsider.com.au/escape","strong content — keep in sitemap, request indexing","Mornington Peninsula Itineraries · Peninsula Insider"
KEEP_IMPROVE,explore,829,"https://peninsulainsider.com.au/explore/the-dunes-golf-links","strong content — keep in sitemap, request indexing","The Dunes Golf Links, Rye · Peninsula Insider"
KEEP_IMPROVE,explore,832,"https://peninsulainsider.com.au/explore/point-nepean-national-park","strong content — keep in sitemap, request indexing","Point Nepean National Park, Point Nepean · Peninsula Insider"
KEEP_IMPROVE,explore,845,"https://peninsulainsider.com.au/explore/farnsworth-track","strong content — keep in sitemap, request indexing","Farnsworth Track, Point Nepean · Peninsula Insider"
KEEP_IMPROVE,explore,851,"https://peninsulainsider.com.au/explore/rye-ocean-beach","strong content — keep in sitemap, request indexing","Rye Ocean Beach, Rye · Peninsula Insider"
KEEP_IMPROVE,explore,856,"https://peninsulainsider.com.au/explore/coastal-walk-cape-schanck","strong content — keep in sitemap, request indexing","Cape Schanck to London Bridge Coastal Walk, Cape Schanck · Peninsula Insider"
KEEP_IMPROVE,explore,865,"https://peninsulainsider.com.au/explore/bushrangers-bay","strong content — keep in sitemap, request indexing","Bushrangers Bay, Cape Schanck · Peninsula Insider"
KEEP_IMPROVE,explore,868,"https://peninsulainsider.com.au/explore/greens-bush-two-bays-section","strong content — keep in sitemap, request indexing","Greens Bush  -  Two Bays Section, Main Ridge · Peninsula Insider"
KEEP_IMPROVE,explore,874,"https://peninsulainsider.com.au/explore/gunnamatta-ocean-beach","strong content — keep in sitemap, request indexing","Gunnamatta Ocean Beach, Cape Schanck · Peninsula Insider"
KEEP_IMPROVE,explore,875,"https://peninsulainsider.com.au/explore/cape-schanck-lighthouse-walk","strong content — keep in sitemap, request indexing","Cape Schanck Lighthouse Walk, Cape Schanck · Peninsula Insider"
KEEP_IMPROVE,explore,884,"https://peninsulainsider.com.au/explore/two-bays-walking-track","strong content — keep in sitemap, request indexing","Two Bays Walking Track, Cape Schanck · Peninsula Insider"
KEEP_IMPROVE,explore,890,"https://peninsulainsider.com.au/explore/portsea-front-beach","strong content — keep in sitemap, request indexing","Portsea Front Beach, Portsea · Peninsula Insider"
KEEP_IMPROVE,explore,891,"https://peninsulainsider.com.au/explore/mornington-peninsula-walk","strong content — keep in sitemap, request indexing","The Two Bays Walking Track, Cape Schanck · Peninsula Insider"
KEEP_IMPROVE,explore,893,"https://peninsulainsider.com.au/explore/moonah-links","strong content — keep in sitemap, request indexing","Moonah Links, Cape Schanck · Peninsula Insider"
KEEP_IMPROVE,explore,896,"https://peninsulainsider.com.au/explore/flinders-golf-club","strong content — keep in sitemap, request indexing","Flinders Golf Club, Flinders · Peninsula Insider"
KEEP_IMPROVE,explore,901,"https://peninsulainsider.com.au/explore/racv-cape-schanck-golf-course","strong content — keep in sitemap, request indexing","RACV Cape Schanck Golf Course, Cape Schanck · Peninsula Insider"
KEEP_IMPROVE,explore,913,"https://peninsulainsider.com.au/explore/sorrento-golf-club","strong content — keep in sitemap, request indexing","Sorrento Golf Club, Sorrento · Peninsula Insider"
KEEP_IMPROVE,explore,914,"https://peninsulainsider.com.au/explore/the-national-golf-club","strong content — keep in sitemap, request indexing","The National Golf Club, Cape Schanck · Peninsula Insider"
KEEP_IMPROVE,explore,924,"https://peninsulainsider.com.au/explore/portsea-golf-club","strong content — keep in sitemap, request indexing","Portsea Golf Club, Portsea · Peninsula Insider"
KEEP_IMPROVE,explore,924,"https://peninsulainsider.com.au/explore/st-andrews-beach-golf-course","strong content — keep in sitemap, request indexing","St Andrews Beach Golf Course, Cape Schanck · Peninsula Insider"
KEEP_IMPROVE,explore,932,"https://peninsulainsider.com.au/explore/safety-beach-foreshore","strong content — keep in sitemap, request indexing","Safety Beach, Safety Beach · Peninsula Insider"
KEEP_IMPROVE,explore,936,"https://peninsulainsider.com.au/explore/pt-leo-sculpture-park","strong content — keep in sitemap, request indexing","Pt. Leo Estate Sculpture Park, Merricks · Peninsula Insider"
KEEP_IMPROVE,explore,948,"https://peninsulainsider.com.au/explore/point-nepean-fort-walk","strong content — keep in sitemap, request indexing","Point Nepean Fort Walk, Point Nepean · Peninsula Insider"
KEEP_IMPROVE,explore,954,"https://peninsulainsider.com.au/explore/coppins-track","strong content — keep in sitemap, request indexing","Coppins Track, Sorrento · Peninsula Insider"
KEEP_IMPROVE,explore,956,"https://peninsulainsider.com.au/explore/dromana-beach","strong content — keep in sitemap, request indexing","Dromana Beach, Dromana · Peninsula Insider"
KEEP_IMPROVE,explore,958,"https://peninsulainsider.com.au/explore/montalto-sculpture-trail","strong content — keep in sitemap, request indexing","Montalto Sculpture Trail, Red Hill · Peninsula Insider"
KEEP_IMPROVE,explore,970,"https://peninsulainsider.com.au/explore/sorrento-ferry","strong content — keep in sitemap, request indexing","Sorrento Ferry, Sorrento · Peninsula Insider"
KEEP_IMPROVE,explore,975,"https://peninsulainsider.com.au/explore/red-hill-hinterland-cycling","strong content — keep in sitemap, request indexing","Red Hill Hinterland Cycling, Red Hill · Peninsula Insider"
KEEP_IMPROVE,explore,977,"https://peninsulainsider.com.au/explore/red-hill-market","strong content — keep in sitemap, request indexing","Red Hill Community Market, Red Hill · Peninsula Insider"
KEEP_IMPROVE,explore,980,"https://peninsulainsider.com.au/explore/mount-martha-beach","strong content — keep in sitemap, request indexing","Mount Martha Beach, Mount Martha · Peninsula Insider"
KEEP_IMPROVE,explore,987,"https://peninsulainsider.com.au/explore/mornington-foreshore-walk","strong content — keep in sitemap, request indexing","Mornington Peninsula Foreshore Walk, Mornington · Peninsula Insider"
KEEP_IMPROVE,explore,990,"https://peninsulainsider.com.au/explore/mornington-golf-club","strong content — keep in sitemap, request indexing","Mornington Golf Club, Mornington · Peninsula Insider"
KEEP_IMPROVE,explore,998,"https://peninsulainsider.com.au/explore/sorrento-back-beach","strong content — keep in sitemap, request indexing","Sorrento Back Beach, Sorrento · Peninsula Insider"
KEEP_IMPROVE,explore,1009,"https://peninsulainsider.com.au/explore/balnarring-beach","strong content — keep in sitemap, request indexing","Balnarring Beach, Balnarring · Peninsula Insider"
KEEP_IMPROVE,explore,1009,"https://peninsulainsider.com.au/explore/sorrento-ocean-baths","strong content — keep in sitemap, request indexing","Sorrento Ocean Baths, Sorrento · Peninsula Insider"
KEEP_IMPROVE,explore,1016,"https://peninsulainsider.com.au/explore/bushrangers-bay-walk","strong content — keep in sitemap, request indexing","Bushrangers Bay Walk, Cape Schanck · Peninsula Insider"
KEEP_IMPROVE,explore,1019,"https://peninsulainsider.com.au/explore/eagle-ridge-golf-course","strong content — keep in sitemap, request indexing","Eagle Ridge Golf Course, Balnarring · Peninsula Insider"
KEEP_IMPROVE,explore,1020,"https://peninsulainsider.com.au/explore/cape-schanck-boardwalk","strong content — keep in sitemap, request indexing","Cape Schanck Boardwalk, Cape Schanck · Peninsula Insider"
KEEP_IMPROVE,explore,1024,"https://peninsulainsider.com.au/explore/summit-circuit-arthurs-seat","strong content — keep in sitemap, request indexing","Summit Circuit Walk  -  Arthurs Seat, Red Hill · Peninsula Insider"
KEEP_IMPROVE,explore,1044,"https://peninsulainsider.com.au/explore/arthurs-seat-lookout","strong content — keep in sitemap, request indexing","Arthurs Seat Eagle, Red Hill · Peninsula Insider"
KEEP_IMPROVE,explore,1073,"https://peninsulainsider.com.au/explore/mornington-peninsula-gallery","strong content — keep in sitemap, request indexing","Mornington Peninsula Regional Gallery, Mornington · Peninsula Insider"
KEEP_IMPROVE,explore,1943,"https://peninsulainsider.com.au/explore/best-walks","strong content — keep in sitemap, request indexing","Best Walks on the Mornington Peninsula · Peninsula Insider"
KEEP_IMPROVE,explore,13311,"https://peninsulainsider.com.au/explore","strong content — keep in sitemap, request indexing","Things to Do on the Mornington Peninsula · Peninsula Insider"
KEEP_IMPROVE,journal,833,"https://peninsulainsider.com.au/journal/where-to-stay-for-a-two-night-escape","strong content — keep in sitemap, request indexing","Where to Stay for a Two-Night Peninsula Escape | Peninsula Insider"
KEEP_IMPROVE,journal,853,"https://peninsulainsider.com.au/journal/how-to-build-a-red-hill-saturday","strong content — keep in sitemap, request indexing","How to Build a Red Hill Saturday | Peninsula Insider"
KEEP_IMPROVE,journal,938,"https://peninsulainsider.com.au/journal/the-peninsulas-best-late-afternoon-walks","strong content — keep in sitemap, request indexing","The Peninsula's Best Late-Afternoon Walks | Peninsula Insider"
KEEP_IMPROVE,journal,1003,"https://peninsulainsider.com.au/journal/best-brunch-mornington-peninsula","strong content — keep in sitemap, request indexing","Best Brunch Mornington Peninsula · Peninsula Insider"
KEEP_IMPROVE,journal,1024,"https://peninsulainsider.com.au/journal/mornington-peninsula-with-kids","strong content — keep in sitemap, request indexing","Mornington Peninsula with Kids · Peninsula Insider"
KEEP_IMPROVE,journal,1052,"https://peninsulainsider.com.au/journal/best-golf-courses-mornington-peninsula","strong content — keep in sitemap, request indexing","Best Golf Courses on the Mornington Peninsula — The Tier Guide | Peninsula Insider"
KEEP_IMPROVE,journal,1088,"https://peninsulainsider.com.au/journal/mornington-peninsula-golf-guide","strong content — keep in sitemap, request indexing","Mornington Peninsula Golf — Why It's Australia's Best Golf Region | Peninsula Insider"
KEEP_IMPROVE,journal,1118,"https://peninsulainsider.com.au/journal/mornington-peninsula-in-autumn","strong content — keep in sitemap, request indexing","Mornington Peninsula in Autumn · Peninsula Insider"
KEEP_IMPROVE,journal,1127,"https://peninsulainsider.com.au/journal/mornington-peninsula-in-winter","strong content — keep in sitemap, request indexing","Mornington Peninsula in Winter · Peninsula Insider"
KEEP_IMPROVE,journal,1183,"https://peninsulainsider.com.au/journal/mornington-peninsula-day-trip","strong content — keep in sitemap, request indexing","Mornington Peninsula Day Trip from Melbourne · Peninsula Insider"
KEEP_IMPROVE,journal,1201,"https://peninsulainsider.com.au/journal/mornington-peninsula-wedding-venues","strong content — keep in sitemap, request indexing","Mornington Peninsula Wedding Venues · Peninsula Insider"
KEEP_IMPROVE,journal,1247,"https://peninsulainsider.com.au/journal/mornington-peninsula-hot-springs-guide","strong content — keep in sitemap, request indexing","Mornington Peninsula Hot Springs Guide · Peninsula Insider"
KEEP_IMPROVE,journal,1278,"https://peninsulainsider.com.au/journal/the-cellar-door-short-list","strong content — keep in sitemap, request indexing","The Cellar Door Short List: Five Producers Worth the Appointment | Peninsula Insider"
KEEP_IMPROVE,journal,1322,"https://peninsulainsider.com.au/journal/best-spas-mornington-peninsula","strong content — keep in sitemap, request indexing","Best Spas on the Mornington Peninsula — The Tier Guide | Peninsula Insider"
KEEP_IMPROVE,journal,1348,"https://peninsulainsider.com.au/journal/mornington-peninsula-winery-tour","strong content — keep in sitemap, request indexing","Mornington Peninsula Winery Tour · Peninsula Insider"
KEEP_IMPROVE,journal,1360,"https://peninsulainsider.com.au/journal/peninsula-this-weekend-april-18","strong content — keep in sitemap, request indexing","Peninsula This Weekend  -  24 to 26 April | Peninsula Insider"
KEEP_IMPROVE,journal,1451,"https://peninsulainsider.com.au/journal/autumn-weekend-edit","strong content — keep in sitemap, request indexing","The Autumn Weekend Edit: Why April on the Peninsula Feels Most Earned | Peninsula Insider"
KEEP_IMPROVE,journal,1496,"https://peninsulainsider.com.au/journal/rainy-day-peninsula","strong content — keep in sitemap, request indexing","The Rainy Day Peninsula: Where to Go When the Weather Turns | Peninsula Insider"
KEEP_IMPROVE,journal,1508,"https://peninsulainsider.com.au/journal/a-flinders-weekend","strong content — keep in sitemap, request indexing","A Flinders Weekend: The Case for the Quiet Side of the Peninsula | Peninsula Insider"
KEEP_IMPROVE,journal,1514,"https://peninsulainsider.com.au/journal/mornington-day-guide","strong content — keep in sitemap, request indexing","The Mornington Day: How to Treat the Gateway Town as the Destination | Peninsula Insider"
KEEP_IMPROVE,journal,1624,"https://peninsulainsider.com.au/journal/mornington-peninsula-stay-and-soak","strong content — keep in sitemap, request indexing","Mornington Peninsula Stay and Soak — Where to Stay Near the Hot Springs | Peninsula Insider"
KEEP_IMPROVE,journal,1721,"https://peninsulainsider.com.au/journal/mornington-peninsula-golf-stay-and-play","strong content — keep in sitemap, request indexing","Mornington Peninsula Stay and Play Golf — Where to Stay Near Every Course | Peninsula Insider"
KEEP_IMPROVE,journal,1873,"https://peninsulainsider.com.au/journal/breakfast-before-the-crowds","strong content — keep in sitemap, request indexing","Breakfast Before the Crowds: Where Locals Actually Eat at 8am | Peninsula Insider"
KEEP_IMPROVE,journal,1882,"https://peninsulainsider.com.au/journal/peninsula-hot-springs-vs-alba","strong content — keep in sitemap, request indexing","Peninsula Hot Springs vs Alba Thermal Springs — Which One Should You Book? | Peninsula Insider"
KEEP_IMPROVE,journal,1953,"https://peninsulainsider.com.au/journal/the-chardonnay-case","strong content — keep in sitemap, request indexing","The Chardonnay Case: Why the Peninsula's Second Wine Deserves Top Billing | Peninsula Insider"
KEEP_IMPROVE,journal,1988,"https://peninsulainsider.com.au/journal/the-peninsula-pantry","strong content — keep in sitemap, request indexing","The Peninsula Pantry: A Saturday Shopping List for Anyone Cooking in a Rental | Peninsula Insider"
KEEP_IMPROVE,journal,1997,"https://peninsulainsider.com.au/journal/the-couples-weekend","strong content — keep in sitemap, request indexing","The Couples' Weekend: A Two-Night Peninsula Itinerary for People Who Don't Need Activities | Peninsula Insider"
KEEP_IMPROVE,journal,2017,"https://peninsulainsider.com.au/journal/the-seafood-list","strong content — keep in sitemap, request indexing","The Seafood List: Where the Fish Comes Off the Boat and Onto the Plate | Peninsula Insider"
KEEP_IMPROVE,journal,2040,"https://peninsulainsider.com.au/journal/the-vineyard-villa-weekend","strong content — keep in sitemap, request indexing","The Vineyard Villa Weekend: The Peninsula's Quietest Luxury | Peninsula Insider"
KEEP_IMPROVE,journal,2054,"https://peninsulainsider.com.au/journal/where-to-eat-without-a-booking","strong content — keep in sitemap, request indexing","Where to Eat Without a Booking | Peninsula Insider"
KEEP_IMPROVE,journal,2085,"https://peninsulainsider.com.au/journal/the-rainy-day-peninsula-without-a-booking","strong content — keep in sitemap, request indexing","The Rainy-Day Peninsula Without a Booking | Peninsula Insider"
KEEP_IMPROVE,journal,2102,"https://peninsulainsider.com.au/journal/the-sunset-hour","strong content — keep in sitemap, request indexing","The Sunset Hour: Where to Be at the End of the Day | Peninsula Insider"
KEEP_IMPROVE,journal,2132,"https://peninsulainsider.com.au/journal/the-peninsula-with-kids","strong content — keep in sitemap, request indexing","The Peninsula with Kids: A Day That Doesn't Punish Anyone | Peninsula Insider"
KEEP_IMPROVE,journal,2215,"https://peninsulainsider.com.au/journal/the-school-holidays-survival-guide","strong content — keep in sitemap, request indexing","The School Holidays Survival Guide | Peninsula Insider"
KEEP_IMPROVE,journal,2231,"https://peninsulainsider.com.au/journal/the-pub-crawl","strong content — keep in sitemap, request indexing","The Peninsula Pub Crawl: Six Pubs, Three Routes, No Pretension | Peninsula Insider"
KEEP_IMPROVE,journal,2313,"https://peninsulainsider.com.au/journal/the-sunset-drink","strong content — keep in sitemap, request indexing","The Sunset Drink: Where to Watch the Light Drop on the Peninsula | Peninsula Insider"
KEEP_IMPROVE,journal,2343,"https://peninsulainsider.com.au/journal/the-peninsula-orientation-drive","strong content — keep in sitemap, request indexing","The Peninsula Orientation Drive: Six Stops That Explain the Region in Half a Day | Peninsula Insider"
KEEP_IMPROVE,journal,2354,"https://peninsulainsider.com.au/journal/how-to-plan-a-peninsula-weekend","strong content — keep in sitemap, request indexing","How to Plan a Peninsula Weekend: The Decision Framework | Peninsula Insider"
KEEP_IMPROVE,journal,2377,"https://peninsulainsider.com.au/journal/the-one-night-escape","strong content — keep in sitemap, request indexing","The One-Night Peninsula Escape: How to Make 26 Hours Feel Like Three Days | Peninsula Insider"
KEEP_IMPROVE,journal,2378,"https://peninsulainsider.com.au/journal/the-point-nepean-half-day","strong content — keep in sitemap, request indexing","The Point Nepean Half-Day: The Peninsula's Most Underused National Park | Peninsula Insider"
KEEP_IMPROVE,journal,2402,"https://peninsulainsider.com.au/journal/the-peninsula-picnic","strong content — keep in sitemap, request indexing","The Peninsula Picnic: How to Assemble and Eat One Properly | Peninsula Insider"
KEEP_IMPROVE,journal,2424,"https://peninsulainsider.com.au/journal/the-four-hour-peninsula","strong content — keep in sitemap, request indexing","The Four-Hour Peninsula: A Surgical Strike for When the Weekend Is Half a Day | Peninsula Insider"
KEEP_IMPROVE,journal,2485,"https://peninsulainsider.com.au/journal/the-market-saturday","strong content — keep in sitemap, request indexing","The Market Saturday: Two Peninsula Weekends Built Around the Right Hour at the Right Stall | Peninsula Insider"
KEEP_IMPROVE,journal,2527,"https://peninsulainsider.com.au/journal/the-spring-peninsula","strong content — keep in sitemap, request indexing","The Spring Peninsula: Why September and October Are the Region's Most Underrated Weekends | Peninsula Insider"
KEEP_IMPROVE,journal,2544,"https://peninsulainsider.com.au/journal/a-winter-peninsula-weekend","strong content — keep in sitemap, request indexing","A Winter Peninsula Weekend: The Case for Coming in July | Peninsula Insider"
KEEP_IMPROVE,journal,2568,"https://peninsulainsider.com.au/journal/the-dog-friendly-peninsula","strong content — keep in sitemap, request indexing","The Dog-Friendly Peninsula: A Weekend That Actually Works With the Dog | Peninsula Insider"
KEEP_IMPROVE,journal,2611,"https://peninsulainsider.com.au/journal/the-peninsula-beach-swimming-guide","strong content — keep in sitemap, request indexing","The Peninsula Beach Swimming Guide: Which Beach for Which Swim, From Bay to Back Beach | Peninsula Insider"
KEEP_IMPROVE,journal,2638,"https://peninsulainsider.com.au/journal/first-time-peninsula","strong content — keep in sitemap, request indexing","First Time on the Peninsula: The Honest Starter Guide | Peninsula Insider"
KEEP_IMPROVE,journal,2683,"https://peninsulainsider.com.au/journal/the-easter-peninsula","strong content — keep in sitemap, request indexing","The Easter Peninsula: How to Do the Long Weekend Without Losing It to the Crowds | Peninsula Insider"
KEEP_IMPROVE,journal,2696,"https://peninsulainsider.com.au/journal/the-sorrento-weekend","strong content — keep in sitemap, request indexing","The Sorrento Weekend: How to Do the Tip Without Treating It Like a Summer Strip | Peninsula Insider"
KEEP_IMPROVE,journal,2834,"https://peninsulainsider.com.au/journal/the-birthday-weekend","strong content — keep in sitemap, request indexing","The Peninsula Birthday Weekend: A Two-Night Plan That Actually Feels Celebratory | Peninsula Insider"
KEEP_IMPROVE,journal,2921,"https://peninsulainsider.com.au/journal/the-producer-trail","strong content — keep in sitemap, request indexing","The Peninsula Producer Trail: A Day Spent Closer to the Source | Peninsula Insider"
KEEP_IMPROVE,journal,4268,"https://peninsulainsider.com.au/journal","strong content — keep in sitemap, request indexing","Mornington Peninsula Journal · Peninsula Insider"
KEEP_IMPROVE,places,1018,"https://peninsulainsider.com.au/places/hastings","strong content — keep in sitemap, request indexing","Hastings Guide — Things to Do, Eat & Stay | Peninsula InsiderHastings Guide | Peninsula Insider"
KEEP_IMPROVE,places,1044,"https://peninsulainsider.com.au/places/shoreham","strong content — keep in sitemap, request indexing","Shoreham Guide — Things to Do, Eat & Stay | Peninsula InsiderShoreham Guide | Peninsula Insider"
KEEP_IMPROVE,places,1101,"https://peninsulainsider.com.au/places/tuerong","strong content — keep in sitemap, request indexing","Tuerong Guide — Things to Do, Eat & Stay | Peninsula InsiderTuerong Guide | Peninsula Insider"
KEEP_IMPROVE,places,1120,"https://peninsulainsider.com.au/places/rosebud","strong content — keep in sitemap, request indexing","Rosebud Guide — Things to Do, Eat & Stay | Peninsula InsiderRosebud Guide | Peninsula Insider"
KEEP_IMPROVE,places,1207,"https://peninsulainsider.com.au/places/moorooduc","strong content — keep in sitemap, request indexing","Moorooduc Guide — Things to Do, Eat & Stay | Peninsula InsiderMoorooduc Guide | Peninsula Insider"
KEEP_IMPROVE,places,1321,"https://peninsulainsider.com.au/places/portsea","strong content — keep in sitemap, request indexing","Portsea Guide 2026 — Beaches, Dining & the Tip of the Peninsula | Peninsula InsiderPortsea Guide | Peninsula Insider"
KEEP_IMPROVE,places,1322,"https://peninsulainsider.com.au/places/mount-martha","strong content — keep in sitemap, request indexing","Mount Martha Guide 2026 — Beaches, Walks & Bayside Living | Peninsula InsiderMount Martha Guide | Peninsula Insider"
KEEP_IMPROVE,places,1341,"https://peninsulainsider.com.au/places/safety-beach","strong content — keep in sitemap, request indexing","Safety Beach Guide — Things to Do, Eat & Stay | Peninsula InsiderSafety Beach Guide | Peninsula Insider"
KEEP_IMPROVE,places,1536,"https://peninsulainsider.com.au/places/flinders","strong content — keep in sitemap, request indexing","Flinders Mornington Peninsula 2026 — Guide to the Ocean Village | Peninsula InsiderFlinders Guide | Peninsula Insider"
KEEP_IMPROVE,places,1551,"https://peninsulainsider.com.au/places/point-nepean","strong content — keep in sitemap, request indexing","Point Nepean Guide 2026 — Fort Walk, National Park & History | Peninsula InsiderPoint Nepean Guide | Peninsula Insider"
KEEP_IMPROVE,places,1566,"https://peninsulainsider.com.au/places/rye","strong content — keep in sitemap, request indexing","Rye Mornington Peninsula 2026 — Beaches, Hot Springs & Brewery Guide | Peninsula InsiderRye Guide | Peninsula Insider"
KEEP_IMPROVE,places,1642,"https://peninsulainsider.com.au/places/main-ridge","strong content — keep in sitemap, request indexing","Main Ridge Guide 2026 — Cellar Doors, Producers & the Plateau | Peninsula InsiderMain Ridge Guide | Peninsula Insider"
KEEP_IMPROVE,places,1692,"https://peninsulainsider.com.au/places/balnarring","strong content — keep in sitemap, request indexing","Balnarring Guide 2026 — Market, Beaches & Hinterland Quiet | Peninsula InsiderBalnarring Guide | Peninsula Insider"
KEEP_IMPROVE,places,1718,"https://peninsulainsider.com.au/places/merricks","strong content — keep in sitemap, request indexing","Merricks Guide 2026 — Wineries, General Store & Village Pace | Peninsula InsiderMerricks Guide | Peninsula Insider"
KEEP_IMPROVE,places,1811,"https://peninsulainsider.com.au/places/dromana","strong content — keep in sitemap, request indexing","Dromana Guide 2026 — Gateway to the Peninsula & Arthur's Seat | Peninsula InsiderDromana Guide | Peninsula Insider"
KEEP_IMPROVE,places,2335,"https://peninsulainsider.com.au/places/sorrento","strong content — keep in sitemap, request indexing","Sorrento Mornington Peninsula 2026 — Where to Eat, Stay & Swim | Peninsula InsiderSorrento Guide | Peninsula Insider"
KEEP_IMPROVE,places,2348,"https://peninsulainsider.com.au/places/mornington","strong content — keep in sitemap, request indexing","Mornington Town Guide 2026 — Restaurants, Markets & Beaches | Peninsula InsiderMornington Guide | Peninsula Insider"
KEEP_IMPROVE,places,3313,"https://peninsulainsider.com.au/places/cape-schanck","strong content — keep in sitemap, request indexing","Cape Schanck Guide 2026 — Walks, Lighthouse & Wild Coast | Peninsula InsiderCape Schanck Guide | Peninsula Insider"
KEEP_IMPROVE,places,5829,"https://peninsulainsider.com.au/places","strong content — keep in sitemap, request indexing","Mornington Peninsula Towns Guide — Places | Peninsula Insider"
KEEP_IMPROVE,spa,638,"https://peninsulainsider.com.au/spa","section hub — strong internal link anchor, keep in sitemap","Mornington Peninsula Hot Springs Guide · Peninsula Insider"
KEEP_IMPROVE,stay,2889,"https://peninsulainsider.com.au/stay","section hub — strong internal link anchor, keep in sitemap","Where to Stay on the Mornington Peninsula · Peninsula Insider"
KEEP_IMPROVE,wine,933,"https://peninsulainsider.com.au/wine/best-cellar-doors","best-of hub — high search intent, prioritise for improvement","Best Cellar Doors Mornington Peninsula · Peninsula Insider"
KEEP_IMPROVE,wine,4149,"https://peninsulainsider.com.au/wine","section hub — strong internal link anchor, keep in sitemap","Best Wineries Mornington Peninsula · Peninsula Insider"
KEEP_NOINDEX,eat,329,"https://peninsulainsider.com.au/eat/martha-s-table","329w — thin, noindex + remove from sitemap until rebuilt","Martha's Table, Safety Beach · Peninsula Insider"
KEEP_NOINDEX,eat,369,"https://peninsulainsider.com.au/eat/pho-rosebud","369w — thin, noindex + remove from sitemap until rebuilt","Pho Rosebud, Rosebud · Peninsula Insider"
KEEP_NOINDEX,eat,422,"https://peninsulainsider.com.au/eat/thai-orchid-mornington","422w — thin, noindex + remove from sitemap until rebuilt","Thai Orchid, Mornington · Peninsula Insider"
KEEP_NOINDEX,eat,428,"https://peninsulainsider.com.au/eat/azuma-japanese","428w — thin, noindex + remove from sitemap until rebuilt","Azuma Japanese, Mornington · Peninsula Insider"
KEEP_NOINDEX,eat,434,"https://peninsulainsider.com.au/eat/ouest-france-bistro","434w — thin, noindex + remove from sitemap until rebuilt","Ouest France Bistro, Mornington · Peninsula Insider"
KEEP_NOINDEX,eat,442,"https://peninsulainsider.com.au/eat/barmah-park","442w — thin, noindex + remove from sitemap until rebuilt","Barmah Park Farm Kitchen, Moorooduc · Peninsula Insider"
KEEP_NOINDEX,eat,466,"https://peninsulainsider.com.au/eat/pane-e-vino","466w — remove from sitemap until content expanded to 800+ words","Pane e Vino, Mount Martha · Peninsula Insider"
KEEP_NOINDEX,eat,469,"https://peninsulainsider.com.au/eat/maxs-red-hill-estate","469w — remove from sitemap until content expanded to 800+ words","Max's at Red Hill Estate, Red Hill · Peninsula Insider"
KEEP_NOINDEX,eat,478,"https://peninsulainsider.com.au/eat/mornington-dumpling-house","478w — remove from sitemap until content expanded to 800+ words","Mornington Dumpling House, Mornington · Peninsula Insider"
KEEP_NOINDEX,eat,511,"https://peninsulainsider.com.au/eat/rye-hotel","511w — remove from sitemap until content expanded to 800+ words","Rye Hotel, Rye · Peninsula Insider"
KEEP_NOINDEX,eat,518,"https://peninsulainsider.com.au/eat/portsea-hotel","518w — remove from sitemap until content expanded to 800+ words","Portsea Hotel, Portsea · Peninsula Insider"
KEEP_NOINDEX,eat,527,"https://peninsulainsider.com.au/eat/cedar-and-pine","527w — remove from sitemap until content expanded to 800+ words","Cedar & Pine, Mornington · Peninsula Insider"
KEEP_NOINDEX,eat,533,"https://peninsulainsider.com.au/eat/stillwater-crittenden","533w — remove from sitemap until content expanded to 800+ words","Stillwater at Crittenden, Dromana · Peninsula Insider"
KEEP_NOINDEX,eat,536,"https://peninsulainsider.com.au/eat/barragunda-dining","536w — remove from sitemap until content expanded to 800+ words","Barragunda Dining, Cape Schanck · Peninsula Insider"
KEEP_NOINDEX,eat,539,"https://peninsulainsider.com.au/eat/la-baracca-tgallant","539w — remove from sitemap until content expanded to 800+ words","La Baracca at T'Gallant, Main Ridge · Peninsula Insider"
KEEP_NOINDEX,eat,560,"https://peninsulainsider.com.au/eat/ciao-amici","560w — remove from sitemap until content expanded to 800+ words","Ciao Amici, Mornington · Peninsula Insider"
KEEP_NOINDEX,eat,587,"https://peninsulainsider.com.au/eat/store-ten","587w — remove from sitemap until content expanded to 800+ words","Store Ten, Mornington · Peninsula Insider"
KEEP_NOINDEX,eat,590,"https://peninsulainsider.com.au/eat/afloat-mornington","590w — remove from sitemap until content expanded to 800+ words","Afloat Mornington, Mornington · Peninsula Insider"
KEEP_NOINDEX,eat,590,"https://peninsulainsider.com.au/eat/many-little","590w — remove from sitemap until content expanded to 800+ words","Many Little, Red Hill · Peninsula Insider"
KEEP_NOINDEX,eat,590,"https://peninsulainsider.com.au/eat/mr-vincenzos","590w — remove from sitemap until content expanded to 800+ words","Mr Vincenzo's, Mornington · Peninsula Insider"
KEEP_NOINDEX,eat,595,"https://peninsulainsider.com.au/eat/flinders-pier-takeaway","595w — remove from sitemap until content expanded to 800+ words","Flinders Pier Takeaway, Flinders · Peninsula Insider"
KEEP_NOINDEX,eat,599,"https://peninsulainsider.com.au/eat/point-leo-wine-terrace","599w — remove from sitemap until content expanded to 800+ words","Point Leo Wine Terrace, Merricks · Peninsula Insider"
KEEP_NOINDEX,eat,599,"https://peninsulainsider.com.au/eat/the-rocks-mornington","599w — remove from sitemap until content expanded to 800+ words","The Rocks Mornington, Mornington · Peninsula Insider"
KEEP_NOINDEX,eat,637,"https://peninsulainsider.com.au/eat/balnarring-market","637w — remove from sitemap until content expanded to 800+ words","Balnarring Market, Balnarring · Peninsula Insider"
KEEP_NOINDEX,eat,641,"https://peninsulainsider.com.au/eat/mornington-farmers-market","641w — remove from sitemap until content expanded to 800+ words","Mornington Farmers' Market, Mornington · Peninsula Insider"
KEEP_NOINDEX,eat,642,"https://peninsulainsider.com.au/eat/rocker","642w — remove from sitemap until content expanded to 800+ words","Rocker, Mornington · Peninsula Insider"
KEEP_NOINDEX,eat,643,"https://peninsulainsider.com.au/eat/laura-pt-leo","643w — remove from sitemap until content expanded to 800+ words","Laura at Pt. Leo, Red Hill · Peninsula Insider"
KEEP_NOINDEX,eat,643,"https://peninsulainsider.com.au/eat/sorrento-hotel","643w — remove from sitemap until content expanded to 800+ words","The Sorrento Hotel, Sorrento · Peninsula Insider"
KEEP_NOINDEX,eat,644,"https://peninsulainsider.com.au/eat/flinders-sourdough","644w — remove from sitemap until content expanded to 800+ words","Flinders Sourdough, Flinders · Peninsula Insider"
KEEP_NOINDEX,eat,647,"https://peninsulainsider.com.au/eat/merricks-hotel","647w — remove from sitemap until content expanded to 800+ words","Merricks Hotel, Merricks · Peninsula Insider"
KEEP_NOINDEX,eat,648,"https://peninsulainsider.com.au/eat/red-hill-bakery","648w — remove from sitemap until content expanded to 800+ words","Red Hill Bakery, Red Hill · Peninsula Insider"
KEEP_NOINDEX,eat,648,"https://peninsulainsider.com.au/eat/stringers-mornington","648w — remove from sitemap until content expanded to 800+ words","Stringer's of Mornington, Mornington · Peninsula Insider"
KEEP_NOINDEX,eat,653,"https://peninsulainsider.com.au/eat/allis-wine-bar","653w — remove from sitemap until content expanded to 800+ words","Allis Wine Bar, Main Ridge · Peninsula Insider"
KEEP_NOINDEX,eat,655,"https://peninsulainsider.com.au/eat/the-bay-hotel-mornington","655w — remove from sitemap until content expanded to 800+ words","The Bay Hotel Mornington, Mornington · Peninsula Insider"
KEEP_NOINDEX,eat,656,"https://peninsulainsider.com.au/eat/flinders-general-store","656w — remove from sitemap until content expanded to 800+ words","Flinders General Store, Flinders · Peninsula Insider"
KEEP_NOINDEX,eat,656,"https://peninsulainsider.com.au/eat/via-boffe","656w — remove from sitemap until content expanded to 800+ words","Via Boffe, Main Ridge · Peninsula Insider"
KEEP_NOINDEX,eat,658,"https://peninsulainsider.com.au/eat/johnny-ripe","658w — remove from sitemap until content expanded to 800+ words","Johnny Ripe, Main Ridge · Peninsula Insider"
KEEP_NOINDEX,eat,658,"https://peninsulainsider.com.au/eat/mornington-hotel","658w — remove from sitemap until content expanded to 800+ words","The Mornington Hotel, Mornington · Peninsula Insider"
KEEP_NOINDEX,eat,659,"https://peninsulainsider.com.au/eat/balnarring-bakehouse","659w — remove from sitemap until content expanded to 800+ words","Balnarring Bakehouse, Balnarring · Peninsula Insider"
KEEP_NOINDEX,eat,661,"https://peninsulainsider.com.au/eat/dromana-hotel","661w — remove from sitemap until content expanded to 800+ words","Dromana Hotel, Dromana · Peninsula Insider"
KEEP_NOINDEX,eat,661,"https://peninsulainsider.com.au/eat/rare-hare","661w — remove from sitemap until content expanded to 800+ words","Rare Hare at Willow Creek, Merricks · Peninsula Insider"
KEEP_NOINDEX,eat,662,"https://peninsulainsider.com.au/eat/somers-general","662w — remove from sitemap until content expanded to 800+ words","Somers General, Balnarring · Peninsula Insider"
KEEP_NOINDEX,eat,667,"https://peninsulainsider.com.au/eat/pier-street-flinders","667w — remove from sitemap until content expanded to 800+ words","Pier Street Kitchen, Flinders · Peninsula Insider"
KEEP_NOINDEX,eat,670,"https://peninsulainsider.com.au/eat/small-stone-pantry","670w — remove from sitemap until content expanded to 800+ words","Small Stone Pantry, Dromana · Peninsula Insider"
KEEP_NOINDEX,eat,671,"https://peninsulainsider.com.au/eat/port-phillip-estate-restaurant","671w — remove from sitemap until content expanded to 800+ words","Port Phillip Estate Restaurant, Red Hill · Peninsula Insider"
KEEP_NOINDEX,eat,677,"https://peninsulainsider.com.au/eat/red-gum-bbq","677w — remove from sitemap until content expanded to 800+ words","Red Gum BBQ, Red Hill · Peninsula Insider"
KEEP_NOINDEX,eat,684,"https://peninsulainsider.com.au/eat/red-hill-market","684w — remove from sitemap until content expanded to 800+ words","Red Hill Market, Red Hill · Peninsula Insider"
KEEP_NOINDEX,eat,685,"https://peninsulainsider.com.au/eat/epicurean-red-hill","685w — remove from sitemap until content expanded to 800+ words","The Epicurean, Red Hill · Peninsula Insider"
KEEP_NOINDEX,eat,686,"https://peninsulainsider.com.au/eat/green-olive-red-hill","686w — remove from sitemap until content expanded to 800+ words","Green Olive at Red Hill, Red Hill · Peninsula Insider"
KEEP_NOINDEX,eat,689,"https://peninsulainsider.com.au/eat/the-baths-sorrento","689w — remove from sitemap until content expanded to 800+ words","The Baths Sorrento, Sorrento · Peninsula Insider"
KEEP_NOINDEX,eat,697,"https://peninsulainsider.com.au/eat/balnarring-pub","697w — remove from sitemap until content expanded to 800+ words","The Balnarring Pub, Balnarring · Peninsula Insider"
KEEP_NOINDEX,eat,718,"https://peninsulainsider.com.au/eat/tedesca-osteria","718w — remove from sitemap until content expanded to 800+ words","Tedesca Osteria, Red Hill · Peninsula Insider"
KEEP_NOINDEX,eat,718,"https://peninsulainsider.com.au/eat/ten-minutes-by-tractor","718w — remove from sitemap until content expanded to 800+ words","Ten Minutes by Tractor, Red Hill · Peninsula Insider"
KEEP_NOINDEX,eat,720,"https://peninsulainsider.com.au/eat/pt-leo-estate","720w — remove from sitemap until content expanded to 800+ words","Pt. Leo Estate, Red Hill · Peninsula Insider"
KEEP_NOINDEX,eat,725,"https://peninsulainsider.com.au/eat/sorrento-bakery","725w — remove from sitemap until content expanded to 800+ words","Sorrento Bakery, Sorrento · Peninsula Insider"
KEEP_NOINDEX,eat,749,"https://peninsulainsider.com.au/eat/doot-doot-doot","749w — remove from sitemap until content expanded to 800+ words","Doot Doot Doot, Red Hill · Peninsula Insider"
KEEP_NOINDEX,eat,783,"https://peninsulainsider.com.au/eat/commonfolk-coffee","783w — remove from sitemap until content expanded to 800+ words","Commonfolk Coffee, Mornington · Peninsula Insider"
KEEP_NOINDEX,escape,783,"https://peninsulainsider.com.au/escape/flinders-and-cape-reset","783w — remove from sitemap until content expanded to 800+ words","Flinders and the Cape: A One-Night Reset — Mornington Peninsula Weekend Escape | Peninsula Insider"
KEEP_NOINDEX,explore,792,"https://peninsulainsider.com.au/explore/rosebud-country-club","792w — remove from sitemap until content expanded to 800+ words","Rosebud Country Club, Rosebud · Peninsula Insider"
KEEP_NOINDEX,journal,783,"https://peninsulainsider.com.au/journal/mornington-peninsula-itinerary","783w — remove from sitemap until content expanded to 800+ words","Mornington Peninsula Itinerary · Peninsula Insider"
KEEP_NOINDEX,places,793,"https://peninsulainsider.com.au/places/blairgowrie","793w — remove from sitemap until content expanded to 800+ words","Blairgowrie Guide — Things to Do, Eat & Stay | Peninsula InsiderBlairgowrie Guide | Peninsula Insider"
KEEP_NOINDEX,stay,573,"https://peninsulainsider.com.au/stay/endota-spa-mornington","573w — remove from sitemap until content expanded to 800+ words","Endota Spa Mornington, Mornington · Peninsula Insider"
KEEP_NOINDEX,stay,615,"https://peninsulainsider.com.au/stay/polperro-villas","615w — remove from sitemap until content expanded to 800+ words","Polperro Villas, Red Hill · Peninsula Insider"
KEEP_NOINDEX,stay,626,"https://peninsulainsider.com.au/stay/hillview-cottages","626w — remove from sitemap until content expanded to 800+ words","Hillview Farm Cottages, Main Ridge · Peninsula Insider"
KEEP_NOINDEX,stay,627,"https://peninsulainsider.com.au/stay/spa-by-jackalope","627w — remove from sitemap until content expanded to 800+ words","Spa by Jackalope, Merricks · Peninsula Insider"
KEEP_NOINDEX,stay,663,"https://peninsulainsider.com.au/stay/point-leo-estate-villas","663w — remove from sitemap until content expanded to 800+ words","Point Leo Estate Villas, Merricks · Peninsula Insider"
KEEP_NOINDEX,stay,668,"https://peninsulainsider.com.au/stay/port-phillip-estate","668w — remove from sitemap until content expanded to 800+ words","Port Phillip Estate, Red Hill · Peninsula Insider"
KEEP_NOINDEX,stay,669,"https://peninsulainsider.com.au/stay/flinders-hotel","669w — remove from sitemap until content expanded to 800+ words","Flinders Hotel, Flinders · Peninsula Insider"
KEEP_NOINDEX,stay,673,"https://peninsulainsider.com.au/stay/peninsula-hot-springs","673w — remove from sitemap until content expanded to 800+ words","Peninsula Hot Springs, Cape Schanck · Peninsula Insider"
KEEP_NOINDEX,stay,688,"https://peninsulainsider.com.au/stay/peninsula-hot-springs-glamping","688w — remove from sitemap until content expanded to 800+ words","Peninsula Hot Springs Glamping, Cape Schanck · Peninsula Insider"
KEEP_NOINDEX,stay,715,"https://peninsulainsider.com.au/stay/hotel-sorrento","715w — remove from sitemap until content expanded to 800+ words","Hotel Sorrento, Sorrento · Peninsula Insider"
KEEP_NOINDEX,stay,719,"https://peninsulainsider.com.au/stay/lindenderry","719w — remove from sitemap until content expanded to 800+ words","Lindenderry at Red Hill, Red Hill · Peninsula Insider"
KEEP_NOINDEX,stay,729,"https://peninsulainsider.com.au/stay/the-continental-sorrento","729w — remove from sitemap until content expanded to 800+ words","The Continental, Sorrento · Peninsula Insider"
KEEP_NOINDEX,stay,736,"https://peninsulainsider.com.au/stay/one-spa-racv-cape-schanck","736w — remove from sitemap until content expanded to 800+ words","One Spa at RACV Cape Schanck Resort, Cape Schanck · Peninsula Insider"
KEEP_NOINDEX,stay,743,"https://peninsulainsider.com.au/stay/alba-thermal-springs","743w — remove from sitemap until content expanded to 800+ words","Alba Thermal Springs & Spa, Red Hill · Peninsula Insider"
KEEP_NOINDEX,stay,764,"https://peninsulainsider.com.au/stay/jackalope","764w — remove from sitemap until content expanded to 800+ words","Jackalope Hotel, Red Hill · Peninsula Insider"
KEEP_NOINDEX,wine,397,"https://peninsulainsider.com.au/wine/phaedrus-estate","397w — thin, noindex + remove from sitemap until rebuilt","Phaedrus Estate, Dromana · Peninsula Insider"
KEEP_NOINDEX,wine,427,"https://peninsulainsider.com.au/wine/lightfoot-wines","427w — thin, noindex + remove from sitemap until rebuilt","Lightfoot Wines, Main Ridge · Peninsula Insider"
KEEP_NOINDEX,wine,428,"https://peninsulainsider.com.au/wine/onannon","428w — thin, noindex + remove from sitemap until rebuilt","Onannon, Tuerong · Peninsula Insider"
KEEP_NOINDEX,wine,431,"https://peninsulainsider.com.au/wine/dromana-estate","431w — thin, noindex + remove from sitemap until rebuilt","Dromana Estate, Tuerong · Peninsula Insider"
KEEP_NOINDEX,wine,431,"https://peninsulainsider.com.au/wine/stumpy-gully-vineyard","431w — thin, noindex + remove from sitemap until rebuilt","Stumpy Gully Vineyard, Moorooduc · Peninsula Insider"
KEEP_NOINDEX,wine,434,"https://peninsulainsider.com.au/wine/baillieu-vineyard","434w — thin, noindex + remove from sitemap until rebuilt","Baillieu Vineyard, Merricks · Peninsula Insider"
KEEP_NOINDEX,wine,448,"https://peninsulainsider.com.au/wine/tucks-ridge","448w — thin, noindex + remove from sitemap until rebuilt","Tuck's Ridge, Red Hill · Peninsula Insider"
KEEP_NOINDEX,wine,451,"https://peninsulainsider.com.au/wine/trofeo-estate","451w — remove from sitemap until content expanded to 800+ words","Trofeo Estate, Dromana · Peninsula Insider"
KEEP_NOINDEX,wine,457,"https://peninsulainsider.com.au/wine/merricks-estate","457w — remove from sitemap until content expanded to 800+ words","Merricks Estate, Merricks · Peninsula Insider"
KEEP_NOINDEX,wine,457,"https://peninsulainsider.com.au/wine/willow-creek-vineyard","457w — remove from sitemap until content expanded to 800+ words","Willow Creek Vineyard, Merricks · Peninsula Insider"
KEEP_NOINDEX,wine,459,"https://peninsulainsider.com.au/wine/barmah-park-vineyard","459w — remove from sitemap until content expanded to 800+ words","Barmah Park Vineyard, Moorooduc · Peninsula Insider"
KEEP_NOINDEX,wine,466,"https://peninsulainsider.com.au/wine/circe-wines","466w — remove from sitemap until content expanded to 800+ words","Circe Wines, Mornington · Peninsula Insider"
KEEP_NOINDEX,wine,471,"https://peninsulainsider.com.au/wine/elan-vineyard","471w — remove from sitemap until content expanded to 800+ words","Elan Vineyard & Gallery, Balnarring · Peninsula Insider"
KEEP_NOINDEX,wine,472,"https://peninsulainsider.com.au/wine/red-hill-estate","472w — remove from sitemap until content expanded to 800+ words","Red Hill Estate, Red Hill · Peninsula Insider"
KEEP_NOINDEX,wine,473,"https://peninsulainsider.com.au/wine/kerri-greens","473w — remove from sitemap until content expanded to 800+ words","Kerri Greens, Merricks · Peninsula Insider"
KEEP_NOINDEX,wine,473,"https://peninsulainsider.com.au/wine/t-gallant","473w — remove from sitemap until content expanded to 800+ words","T'Gallant, Main Ridge · Peninsula Insider"
KEEP_NOINDEX,wine,475,"https://peninsulainsider.com.au/wine/elgee-park","475w — remove from sitemap until content expanded to 800+ words","Elgee Park, Merricks · Peninsula Insider"
KEEP_NOINDEX,wine,478,"https://peninsulainsider.com.au/wine/prancing-horse-estate","478w — remove from sitemap until content expanded to 800+ words","Prancing Horse Estate, Red Hill · Peninsula Insider"
KEEP_NOINDEX,wine,509,"https://peninsulainsider.com.au/wine/paradigm-hill","509w — remove from sitemap until content expanded to 800+ words","Paradigm Hill, Main Ridge · Peninsula Insider"
KEEP_NOINDEX,wine,535,"https://peninsulainsider.com.au/wine/mornington-peninsula-brewery","535w — remove from sitemap until content expanded to 800+ words","Mornington Peninsula Brewery, Mornington · Peninsula Insider"
KEEP_NOINDEX,wine,538,"https://peninsulainsider.com.au/wine/nazaaray-estate","538w — remove from sitemap until content expanded to 800+ words","Nazaaray Estate, Flinders · Peninsula Insider"
KEEP_NOINDEX,wine,539,"https://peninsulainsider.com.au/wine/garagiste","539w — remove from sitemap until content expanded to 800+ words","Garagiste, Mornington · Peninsula Insider"
KEEP_NOINDEX,wine,539,"https://peninsulainsider.com.au/wine/hurley-vineyard","539w — remove from sitemap until content expanded to 800+ words","Hurley Vineyard, Balnarring · Peninsula Insider"
KEEP_NOINDEX,wine,546,"https://peninsulainsider.com.au/wine/quealy-winemakers","546w — remove from sitemap until content expanded to 800+ words","Quealy Winemakers, Merricks · Peninsula Insider"
KEEP_NOINDEX,wine,549,"https://peninsulainsider.com.au/wine/avani-wines","549w — remove from sitemap until content expanded to 800+ words","Avani Wines, Red Hill · Peninsula Insider"
KEEP_NOINDEX,wine,563,"https://peninsulainsider.com.au/wine/red-hill-truffles","563w — remove from sitemap until content expanded to 800+ words","Red Hill Truffles, Red Hill · Peninsula Insider"
KEEP_NOINDEX,wine,571,"https://peninsulainsider.com.au/wine/eldridge-estate","571w — remove from sitemap until content expanded to 800+ words","Eldridge Estate, Red Hill · Peninsula Insider"
KEEP_NOINDEX,wine,585,"https://peninsulainsider.com.au/wine/hastings-fishermens-coop","585w — remove from sitemap until content expanded to 800+ words","Hastings Fishermen's Co-op, Hastings · Peninsula Insider"
KEEP_NOINDEX,wine,586,"https://peninsulainsider.com.au/wine/jetty-road-brewery","586w — remove from sitemap until content expanded to 800+ words","Jetty Road Brewery, Dromana · Peninsula Insider"
KEEP_NOINDEX,wine,594,"https://peninsulainsider.com.au/wine/pier-street-seafood","594w — remove from sitemap until content expanded to 800+ words","Pier Street Fresh Seafood, Dromana · Peninsula Insider"
KEEP_NOINDEX,wine,596,"https://peninsulainsider.com.au/wine/foxeys-hangout","596w — remove from sitemap until content expanded to 800+ words","Foxeys Hangout, Red Hill · Peninsula Insider"
KEEP_NOINDEX,wine,596,"https://peninsulainsider.com.au/wine/morning-sun","596w — remove from sitemap until content expanded to 800+ words","Morning Sun Vineyard, Main Ridge · Peninsula Insider"
KEEP_NOINDEX,wine,606,"https://peninsulainsider.com.au/wine/moorooduc-estate","606w — remove from sitemap until content expanded to 800+ words","Moorooduc Estate, Moorooduc · Peninsula Insider"
KEEP_NOINDEX,wine,606,"https://peninsulainsider.com.au/wine/scorpo-wines","606w — remove from sitemap until content expanded to 800+ words","Scorpo Wines, Merricks · Peninsula Insider"
KEEP_NOINDEX,wine,614,"https://peninsulainsider.com.au/wine/paringa-estate","614w — remove from sitemap until content expanded to 800+ words","Paringa Estate, Red Hill · Peninsula Insider"
KEEP_NOINDEX,wine,621,"https://peninsulainsider.com.au/wine/stonier-wines","621w — remove from sitemap until content expanded to 800+ words","Stonier Wines, Merricks · Peninsula Insider"
KEEP_NOINDEX,wine,634,"https://peninsulainsider.com.au/wine/main-ridge-estate","634w — remove from sitemap until content expanded to 800+ words","Main Ridge Estate, Main Ridge · Peninsula Insider"
KEEP_NOINDEX,wine,635,"https://peninsulainsider.com.au/wine/kooyong","635w — remove from sitemap until content expanded to 800+ words","Kooyong, Main Ridge · Peninsula Insider"
KEEP_NOINDEX,wine,638,"https://peninsulainsider.com.au/wine/bass-and-flinders","638w — remove from sitemap until content expanded to 800+ words","Bass & Flinders Distillery, Mornington · Peninsula Insider"
KEEP_NOINDEX,wine,643,"https://peninsulainsider.com.au/wine/dexter-wines","643w — remove from sitemap until content expanded to 800+ words","Dexter Wines, Main Ridge · Peninsula Insider"
KEEP_NOINDEX,wine,647,"https://peninsulainsider.com.au/wine/mornington-peninsula-chocolates","647w — remove from sitemap until content expanded to 800+ words","Mornington Peninsula Chocolates, Flinders · Peninsula Insider"
KEEP_NOINDEX,wine,653,"https://peninsulainsider.com.au/wine/crittenden-estate","653w — remove from sitemap until content expanded to 800+ words","Crittenden Estate, Dromana · Peninsula Insider"
KEEP_NOINDEX,wine,658,"https://peninsulainsider.com.au/wine/ashcombe-maze","658w — remove from sitemap until content expanded to 800+ words","Ashcombe Maze & Lavender Gardens, Shoreham · Peninsula Insider"
KEEP_NOINDEX,wine,658,"https://peninsulainsider.com.au/wine/peninsula-fresh-organics","658w — remove from sitemap until content expanded to 800+ words","Peninsula Fresh Organics, Mornington · Peninsula Insider"
KEEP_NOINDEX,wine,658,"https://peninsulainsider.com.au/wine/yabby-lake","658w — remove from sitemap until content expanded to 800+ words","Yabby Lake Vineyard, Tuerong · Peninsula Insider"
KEEP_NOINDEX,wine,661,"https://peninsulainsider.com.au/wine/two-bays-brewing","661w — remove from sitemap until content expanded to 800+ words","Two Bays Brewing Co, Dromana · Peninsula Insider"
KEEP_NOINDEX,wine,663,"https://peninsulainsider.com.au/wine/advance-mussel-supply","663w — remove from sitemap until content expanded to 800+ words","Advance Mussel Supply, Hastings · Peninsula Insider"
KEEP_NOINDEX,wine,679,"https://peninsulainsider.com.au/wine/ocean-eight","679w — remove from sitemap until content expanded to 800+ words","Ocean Eight Vineyard, Main Ridge · Peninsula Insider"
KEEP_NOINDEX,wine,679,"https://peninsulainsider.com.au/wine/polperro","679w — remove from sitemap until content expanded to 800+ words","Polperro, Red Hill · Peninsula Insider"
KEEP_NOINDEX,wine,683,"https://peninsulainsider.com.au/wine/main-ridge-dairy","683w — remove from sitemap until content expanded to 800+ words","Main Ridge Dairy, Main Ridge · Peninsula Insider"
KEEP_NOINDEX,wine,684,"https://peninsulainsider.com.au/wine/st-andrews-beach-brewery","684w — remove from sitemap until content expanded to 800+ words","St Andrews Beach Brewery, Rye · Peninsula Insider"
KEEP_NOINDEX,wine,705,"https://peninsulainsider.com.au/wine/sunny-ridge-strawberry-farm","705w — remove from sitemap until content expanded to 800+ words","Sunny Ridge Strawberry Farm, Main Ridge · Peninsula Insider"
KEEP_NOINDEX,wine,749,"https://peninsulainsider.com.au/wine/red-hill-brewery","749w — remove from sitemap until content expanded to 800+ words","Red Hill Brewery, Red Hill · Peninsula Insider"
KEEP_NOINDEX,wine,773,"https://peninsulainsider.com.au/wine/montalto","773w — remove from sitemap until content expanded to 800+ words","Montalto Vineyard & Olive Grove, Red Hill · Peninsula Insider"
REMOVE,about,897,"https://peninsulainsider.com.au/about","utility page — noindex + remove from sitemap","About  -  Peninsula Insider"
REMOVE,contact,372,"https://peninsulainsider.com.au/contact","utility page — noindex + remove from sitemap","Contact  -  Peninsula Insider"
REMOVE,golf,396,"https://peninsulainsider.com.au/golf","utility page — noindex + remove from sitemap","Best Golf Courses Mornington Peninsula · Peninsula Insider"
REMOVE,newsletter,358,"https://peninsulainsider.com.au/newsletter","utility page — noindex + remove from sitemap","Newsletter — Peninsula Insider"
REMOVE,privacy,458,"https://peninsulainsider.com.au/privacy","utility page — noindex + remove from sitemap","Privacy Policy  -  Peninsula Insider"
REMOVE,search,37,"https://peninsulainsider.com.au/search","utility page — noindex + remove from sitemap","Search | Peninsula Insider"
REMOVE,site-index,1158,"https://peninsulainsider.com.au/site-index","utility page — noindex + remove from sitemap","Site Index | Peninsula Insider"
REMOVE,terms,531,"https://peninsulainsider.com.au/terms","utility page — noindex + remove from sitemap","Terms of Use | Peninsula Insider"
REMOVE,whats-on,497,"https://peninsulainsider.com.au/whats-on/sunny-ridge-strawberry-picking","time-limited event page — noindex + remove from sitemap","Sunny Ridge Strawberry Farm  -  School Holiday Picking, Main Ridge · Peninsula Insider"
REMOVE,whats-on,501,"https://peninsulainsider.com.au/whats-on/chocolaterie-junior-chocolatier","time-limited event page — noindex + remove from sitemap","Mornington Peninsula Chocolates  -  Junior Chocolatier Class, Flinders · Peninsula Insider"
REMOVE,whats-on,509,"https://peninsulainsider.com.au/whats-on/moonlit-sanctuary-easter-program","time-limited event page — noindex + remove from sitemap","Moonlit Sanctuary  -  Easter School Holiday Program, Mornington · Peninsula Insider"
REMOVE,whats-on,552,"https://peninsulainsider.com.au/whats-on/anzac-day-sorrento-dawn","time-limited event page — noindex + remove from sitemap","ANZAC Day Dawn Service  -  Sorrento Memorial, Sorrento · Peninsula Insider"
REMOVE,whats-on,562,"https://peninsulainsider.com.au/whats-on/mprg-autumn-exhibition","time-limited event page — noindex + remove from sitemap","Mornington Peninsula Regional Gallery  -  Autumn Exhibition, Mornington · Peninsula Insider"
REMOVE,whats-on,569,"https://peninsulainsider.com.au/whats-on/alba-fire-and-ice-sessions","time-limited event page — noindex + remove from sitemap","Alba Thermal Springs  -  Fire & Ice Circuits, Red Hill · Peninsula Insider"
REMOVE,whats-on,592,"https://peninsulainsider.com.au/whats-on/briars-eco-explorers-autumn","time-limited event page — noindex + remove from sitemap","The Briars  -  Eco Explorers Autumn Sessions, Mount Martha · Peninsula Insider"
REMOVE,whats-on,607,"https://peninsulainsider.com.au/whats-on/sorrento-writers-festival-2026","time-limited event page — noindex + remove from sitemap","Sorrento Writers Festival 2026, Sorrento · Peninsula Insider"
REMOVE,whats-on,607,"https://peninsulainsider.com.au/whats-on/winter-wine-weekend-june","time-limited event page — noindex + remove from sitemap","Mornington Peninsula Winter Wine Weekend, Red Hill · Peninsula Insider"
REMOVE,whats-on,626,"https://peninsulainsider.com.au/whats-on/peninsula-hot-springs-sunday-sessions","time-limited event page — noindex + remove from sitemap","Peninsula Hot Springs  -  Sunday Sessions, Rye · Peninsula Insider"
REMOVE,whats-on,628,"https://peninsulainsider.com.au/whats-on/red-hill-market-first-saturday","time-limited event page — noindex + remove from sitemap","Red Hill Market  -  First Saturday, Every Month, Red Hill · Peninsula Insider"
REMOVE,whats-on,3646,"https://peninsulainsider.com.au/whats-on","time-limited event page — noindex + remove from sitemap","What's On Mornington Peninsula · Peninsula Insider"
